Workbook

Sheet IMPORT
A1: ETA PORT | B1: ETA FTY | C1: F.W BROKER | D1: SHIPPER | E1: INV | F1: DATE | G1: QTY PKGS | H1: ORG / DEST | I1: MONTH | J1: MATERIAL | K1: ITEM | L1: CDC NO | M1: QUANTITY | N1: CDC UNIT | O1: NW.KGS | P1: GW.KGS | Q1: UNIT PRICE | R1: AMOUNT | S1: HBL | T1: MARK | U1: DECLARE | V1: DECLARE DATE | W1: THC FEE | X1: INVOICE DATE | Y1: INVOICE NUMBER | Z1: GS INVOICE | AA1: GS DIS | AB1: GS DN
A2: 45945 | B2: 45959 | C2: FWF GRATEFUL | D2: BRISK INDUSTRY | E2: JRCNQ25033 | F2: 45929 | G2: 388 | H2: CH-SHV | I2: 10-2025 | J2: I. MACHINERIES & EQUIPMENTS | K2: ONE NEEDLE SEWING MACHINE | L2: =VLOOKUP(K2,CDC!$B$6:$O$203,14,FALSE) -> I-7 | M2: 64 | N2: =VLOOKUP(K2,CDC!$B$6:$O$203,3,FALSE) -> SET | O2: 4268 | P2: 4656 | Q2: 320 | R2: 20480 | S2: NBSIN5100006 | T2: BSIU9352545 / 40HQ Driver H/P 096 792 6032 Stand by container 21day | U2: I 33843 | V2: 45947
A3: 45945 | B3: 45959 | H3: CH-SHV | I3: 10-2025 | J3: I. MACHINERIES & EQUIPMENTS | K3: TWO NEEDLE SEWING MACHINE | L3: =VLOOKUP(K3,CDC!$B$6:$O$203,14,FALSE) -> I-8 | M3: 2 | N3: =VLOOKUP(K3,CDC!$B$6:$O$203,3,FALSE) -> SET | O3: 138 | P3: 160 | Q3: 1500 | R3: 3000 | U3: I 33843 | V3: 45947
A4: 45945 | B4: 45959 | H4: CH-SHV | I4: 10-2025 | J4: I. MACHINERIES & EQUIPMENTS | K4: FOUR NEEDLE SIX THREAD SEWING MACHINE | L4: =VLOOKUP(K4,CDC!$B$6:$O$203,14,FALSE) -> I-10 | M4: 2 | N4: =VLOOKUP(K4,CDC!$B$6:$O$203,3,FALSE) -> SET | O4: 380 | P4: 500 | Q4: 3000 | R4: 6000 | U4: I 33843 | V4: 45947
A5: 45945 | B5: 45959 | H5: CH-SHV | I5: 10-2025 | J5: I. MACHINERIES & EQUIPMENTS | K5: FOUR THREAD OVERLOCK SEWING MACHINE | L5: =VLOOKUP(K5,CDC!$B$6:$O$203,14,FALSE) -> I-11 | M5: 24 | N5: =VLOOKUP(K5,CDC!$B$6:$O$203,3,FALSE) -> SET | O5: 1540 | P5: 1676 | Q5: 500 | R5: 12000 | U5: I 33843 | V5: 45947
A6: 45945 | B6: 45959 | H6: CH-SHV | I6: 10-2025 | J6: I. MACHINERIES & EQUIPMENTS | K6: FIVE THREAD OVERLOCK SEWING MACHINE | L6: =VLOOKUP(K6,CDC!$B$6:$O$203,14,FALSE) -> I-12 | M6: 46 | N6: =VLOOKUP(K6,CDC!$B$6:$O$203,3,FALSE) -> SET | O6: 3082 | P6: 3367.2 | Q6: 550 | R6: 25300 | U6: I 33843 | V6: 45947
A7: 45945 | B7: 45959 | H7: CH-SHV | I7: 10-2025 | J7: I. MACHINERIES & EQUIPMENTS | K7: SEWING MACHINE | L7: =VLOOKUP(K7,CDC!$B$6:$O$203,14,FALSE) -> I-14 | M7: 7 | N7: =VLOOKUP(K7,CDC!$B$6:$O$203,3,FALSE) -> SET | O7: 553 | P7: 581 | Q7: 1000 | R7: 7000 | U7: I 33843 | V7: 45947
A8: 45945 | B8: 45959 | H8: CH-SHV | I8: 10-2025 | J8: I. MACHINERIES & EQUIPMENTS | K8: BARTACKING MACHINE | L8: =VLOOKUP(K8,CDC!$B$6:$O$203,14,FALSE) -> I-16 | M8: 10 | N8: =VLOOKUP(K8,CDC!$B$6:$O$203,3,FALSE) -> SET | O8: 820 | P8: 890 | Q8: 1200 | R8: 12000 | U8: I 33843 | V8: 45947
A9: 45945 | B9: 45959 | H9: CH-SHV | I9: 10-2025 | J9: I. MACHINERIES & EQUIPMENTS | K9: AUTO POCKET MAKING MACHINE | L9: =VLOOKUP(K9,CDC!$B$6:$O$203,14,FALSE) -> I-20 | M9: 4 | N9: =VLOOKUP(K9,CDC!$B$6:$O$203,3,FALSE) -> SET | O9: 1040 | P9: 1440 | Q9: 3200 | R9: 12800 | U9: I 33843 | V9: 45947
A10: 45945 | B10: 45959 | H10: CH-SHV | I10: 10-2025 | J10: I. MACHINERIES & EQUIPMENTS | K10: BUTTON SEWING MACHINE | L10: =VLOOKUP(K10,CDC!$B$6:$O$203,14,FALSE) -> I-26 | M10: 5 | N10: =VLOOKUP(K10,CDC!$B$6:$O$203,3,FALSE) -> SET | O10: 370 | P10: 415 | Q10: 1500 | R10: 7500 | U10: I 33843 | V10: 45947
A11: 45945 | B11: 45959 | C11: FWF GRATEFUL | D11: BRISK INDUSTRY | E11: JRCNQ25032 | F11: 45929 | G11: 57 | H11: CH-SHV | I11: 10-2025 | J11: I. MACHINERIES & EQUIPMENTS | K11: FABRIC INSPECTION MACHINE | L11: =VLOOKUP(K11,CDC!$B$6:$O$203,14,FALSE) -> I-3 | M11: 2 | N11: =VLOOKUP(K11,CDC!$B$6:$O$203,3,FALSE) -> SET | O11: 1660 | P11: 1920 | Q11: 5500 | R11: 11000 | S11: SHSIN5100005 | T11: CSNU8516288 / 40HQ Driver H/P 096 6424288 21day--RED SIGNAL | U11: I 33840 | V11: 45947
A12: 45945 | B12: 45959 | H12: CH-SHV | I12: 10-2025 | J12: I. MACHINERIES & EQUIPMENTS | K12: FABRIC RELAXING MACHINE | L12: =VLOOKUP(K12,CDC!$B$6:$O$203,14,FALSE) -> I-38 | M12: 1 | N12: =VLOOKUP(K12,CDC!$B$6:$O$203,3,FALSE) -> SET | O12: 230 | P12: 320 | Q12: 2100 | R12: 2100 | U12: I 33840 | V12: 45947
A13: 45945 | B13: 45959 | H13: CH-SHV | I13: 10-2025 | J13: I. MACHINERIES & EQUIPMENTS | K13: FUSING MACHINE | L13: =VLOOKUP(K13,CDC!$B$6:$O$203,14,FALSE) -> I-43 | M13: 2 | N13: =VLOOKUP(K13,CDC!$B$6:$O$203,3,FALSE) -> SET | O13: 1160 | P13: 1340 | Q13: 3000 | R13: 6000 | U13: I 33840 | V13: 45947
A14: 45945 | B14: 45959 | H14: CH-SHV | I14: 10-2025 | J14: I. MACHINERIES & EQUIPMENTS | K14: IRON TABLE | L14: =VLOOKUP(K14,CDC!$B$6:$O$203,14,FALSE) -> I-70 | M14: 20 | N14: =VLOOKUP(K14,CDC!$B$6:$O$203,3,FALSE) -> SET | O14: 1180 | P14: 1262 | Q14: 200 | R14: 4000 | U14: I 33840 | V14: 45947
A15: 45945 | B15: 45959 | C15: COSCO GRATEFUL | D15: BRISK INDUSTRY | E15: JRCNQ25027 | F15: 45937 | G15: 93 | H15: CH-SHV | I15: 10-2025 | J15: I. MACHINERIES & EQUIPMENTS | K15: BUTTON PULL TEST MACHINE | L15: =VLOOKUP(K15,CDC!$B$6:$O$203,14,FALSE) -> I-58 | M15: 1 | N15: =VLOOKUP(K15,CDC!$B$6:$O$203,3,FALSE) -> SET | O15: 272.2 | P15: 26 | Q15: 600 | R15: 600 | S15: COAU7262776160 | T15: TIIU5355369 / 40HQ driver H/P 016 612 849 Retop-PP pay to customs for with wrong item 300$ | U15: I 139328 | V15: 45958
A16: 45945 | B16: 45959 | H16: CH-SHV | I16: 10-2025 | J16: I. MACHINERIES & EQUIPMENTS | K16: TEMPERATURE MEASURING DEVICE | L16: =VLOOKUP(K16,CDC!$B$6:$O$203,14,FALSE) -> I-86 | M16: 2 | N16: =VLOOKUP(K16,CDC!$B$6:$O$203,3,FALSE) -> SET | O16: 1 | P16: 0.6 | Q16: 60 | R16: 120 | U16: I 139328 | V16: 45958
A17: 45945 | B17: 45959 | H17: CH-SHV | I17: 10-2025 | J17: I. MACHINERIES & EQUIPMENTS | K17: SEWING SITTING CHAIRS | L17: =VLOOKUP(K17,CDC!$B$6:$O$203,14,FALSE) -> I-103 | M17: 212 | N17: =VLOOKUP(K17,CDC!$B$6:$O$203,3,FALSE) -> SET | O17: 172.8 | P17: 1048.8 | Q17: 10 | R17: 2120 | U17: I 139328 | V17: 45958
A18: 45945 | B18: 45959 | H18: CH-SHV | I18: 10-2025 | J18: I. MACHINERIES & EQUIPMENTS | K18: TROLLEY | L18: =VLOOKUP(K18,CDC!$B$6:$O$203,14,FALSE) -> I-98 | M18: 18 | N18: =VLOOKUP(K18,CDC!$B$6:$O$203,3,FALSE) -> SET | O18: 580 | P18: 906 | Q18: 110 | R18: 1980 | U18: I 139328 | V18: 45958
A19: 45945 | B19: 45959 | H19: CH-SHV | I19: 10-2025 | J19: I. MACHINERIES & EQUIPMENTS | K19: PLASTIC FRAME | L19: =VLOOKUP(K19,CDC!$B$6:$O$203,14,FALSE) -> I-122 | M19: 20 | N19: =VLOOKUP(K19,CDC!$B$6:$O$203,3,FALSE) -> SET | O19: 25 | P19: 200 | Q19: 20 | R19: 400 | U19: I 139328 | V19: 45958
A20: 45945 | B20: 45959 | H20: CH-SHV | I20: 10-2025 | J20: I. MACHINERIES & EQUIPMENTS | K20: SNAP FIXING MACHINE | L20: =VLOOKUP(K20,CDC!$B$6:$O$203,14,FALSE) -> I-27 | M20: 6 | N20: =VLOOKUP(K20,CDC!$B$6:$O$203,3,FALSE) -> SET | O20: 40.4 | P20: 180 | Q20: 300 | R20: 1800 | U20: I 139328 | V20: 45958
A21: 45945 | B21: 45959 | H21: CH-SHV | I21: 10-2025 | J21: I. MACHINERIES & EQUIPMENTS | K21: INSPECTION TABLE | L21: =VLOOKUP(K21,CDC!$B$6:$O$203,14,FALSE) -> I-96 | M21: 40 | N21: =VLOOKUP(K21,CDC!$B$6:$O$203,3,FALSE) -> SET | O21: 1973.7 | P21: 3363 | Q21: 80 | R21: 3200 | U21: I 139328 | V21: 45958
A22: 45945 | B22: 45959 | H22: CH-SHV | I22: 10-2025 | J22: I. MACHINERIES & EQUIPMENTS | K22: LOOSE CLOTH RACK | L22: =VLOOKUP(K22,CDC!$B$6:$O$203,14,FALSE) -> I-100 | M22: 5 | N22: =VLOOKUP(K22,CDC!$B$6:$O$203,3,FALSE) -> SET | O22: 0.57 | P22: 477 | Q22: 240 | R22: 1200 | U22: I 139328 | V22: 45958
A23: 45945 | B23: 45959 | H23: CH-SHV | I23: 10-2025 | J23: I. MACHINERIES & EQUIPMENTS | K23: BOILER | L23: =VLOOKUP(K23,CDC!$B$6:$O$203,14,FALSE) -> I-68 | M23: 1 | N23: =VLOOKUP(K23,CDC!$B$6:$O$203,3,FALSE) -> SET | O23: 3360.6 | P23: 1983.3 | Q23: 8000 | R23: 8000 | U23: I 139328 | V23: 45958
A24: 45945 | B24: 45959 | H24: CH-SHV | I24: 10-2025 | J24: I. MACHINERIES & EQUIPMENTS | K24: VERY NARROW AISLE FORKLIFT (VNA) | L24: =VLOOKUP(K24,CDC!$B$6:$O$203,14,FALSE) -> I-50 | M24: 1 | N24: =VLOOKUP(K24,CDC!$B$6:$O$203,3,FALSE) -> SET | O24: 903 | P24: 700 | Q24: 6000 | R24: 6000 | U24: I 139328 | V24: 45958
A25: 45945 | B25: 45959 | H25: CH-SHV | I25: 10-2025 | J25: I. MACHINERIES & EQUIPMENTS | K25: LIGHT BOX | L25: =VLOOKUP(K25,CDC!$B$6:$O$203,14,FALSE) -> I-63 | M25: 1 | N25: =VLOOKUP(K25,CDC!$B$6:$O$203,3,FALSE) -> SET | O25: 476.2 | P25: 41 | Q25: 700 | R25: 700 | U25: I 139328 | V25: 45958
A26: 45945 | B26: 45959 | H26: CH-SHV | I26: 10-2025 | J26: I. MACHINERIES & EQUIPMENTS | K26: METAL DETECTOR MACHINE | L26: =VLOOKUP(K26,CDC!$B$6:$O$203,14,FALSE) -> I-1 | M26: 1 | N26: =VLOOKUP(K26,CDC!$B$6:$O$203,3,FALSE) -> SET | O26: 1014.6 | P26: 273 | Q26: 4500 | R26: 4500 | U26: I 139328 | V26: 45958
A27: 45945 | B27: 45959 | H27: CH-SHV | I27: 10-2025 | J27: I. MACHINERIES & EQUIPMENTS | K27: HANDHELD SCANNER | L27: =VLOOKUP(K27,CDC!$B$6:$O$203,14,FALSE) -> I-2 | M27: 2 | N27: =VLOOKUP(K27,CDC!$B$6:$O$203,3,FALSE) -> SET | O27: 197 | P27: 2 | Q27: 130 | R27: 260 | U27: I 139328 | V27: 45958
A28: 45967 | B28: 45938 | C28: FWF GRATEFUL | D28: BRISK INDUSTRY | E28: JRCNQ25038 | F28: 45947 | G28: 5 | H28: CH-SHV | I28: 10-2025 | J28: I. MACHINERIES & EQUIPMENTS | K28: FABRIC SPREADING MACHINE | L28: =VLOOKUP(K28,CDC!$B$6:$O$203,14,FALSE) -> I-36 | M28: 1 | N28: =VLOOKUP(K28,CDC!$B$6:$O$203,3,FALSE) -> SET | O28: 4785.07 | P28: 4985.95 | Q28: =R28/M28 -> 19000 | R28: 19000 | S28: QDSIN5100137 | T28: EGSU3278049/ 20GP | U28: I 154789 | V28: 45988
A30: 46048 | B30: 46051 | C30: FWF GRATEFUL | D30: SHANGHAI YOUNGYUE | E30: CNQ126001 | F30: 46041 | G30: 912 | H30: CH-SHV | I30: 01-2026 | J30: II. RAW MATERIAL | K30: KNITTED FABRIC | L30: =VLOOKUP(K30,CDC!$B$6:$O$203,14,FALSE) -> II-125 | M30: 17262 | N30: MTR | O30: 6298.9 | P30: 6379 | Q30: 1 | R30: 17262 | S30: SHSIN6010077 | U30: I 14254 | V30: 46050
A31: 46048 | B31: 46051 | H31: CH-SHV | I31: 01-2026 | J31: II. RAW MATERIAL | K31: WOVEN FABRIC | L31: =VLOOKUP(K31,CDC!$B$6:$O$203,14,FALSE) -> II-124 | M31: 50625.4 | N31: MTR | O31: 12927.4 | P31: 13172.5 | Q31: 1.8 | R31: 91125.72 | U31: I 14254 | V31: 46050
A32: 46048 | B32: 46051 | H32: CH-SHV | I32: 01-2026 | J32: II. RAW MATERIAL | K32: HANGER | L32: =VLOOKUP(K32,CDC!$B$6:$O$203,14,FALSE) -> III-182 | M32: 380 | N32: DZN | O32: 375.4 | P32: 402.6 | Q32: 1 | R32: 380 | U32: I 14254 | V32: 46050
A33: 46051 | B33: 46055 | C33: FWF GRATEFUL | D33: SHANGHAI YOUNGYUE | E33: CNQ126003 | F33: 46043 | G33: 362 | H33: CH-SHV | I33: 01-2026 | J33: III. ACCESSORY | K33: WOVEN FABRIC | L33: =VLOOKUP(K33,CDC!$B$6:$O$203,14,FALSE) -> II-124 | M33: 28887.4 | N33: MTR | O33: 7934.8 | P33: 8022.1 | Q33: 1.8 | R33: 51997.32 | S33: SHSIN6010126 | U33: I 15940 | V33: 46052
A35: 46061 | B35: 46063 | C35: FWF GRATEFUL | D35: SHANGHAI YOUNGYUE | E35: CNQ26004 | F35: 46045 | G35: 743 | H35: CH-SHV | I35: 02-2026 | J35: II. RAW MATERIAL | K35: KNITTED FABRIC | L35: =VLOOKUP(K35,CDC!$B$6:$O$203,14,FALSE) -> II-125 | M35: 41469.8 | N35: MTR | O35: 19220.9 | P35: 19367.3 | Q35: 1 | R35: 41469.8 | S35: SHSIN6010122 | T35: CSLU6002087 / 40'HQ SEAL NO: CW842373 HAVE CHINA CO | U35: I 21065 | V35: 46062
A36: 46061 | B36: 46063 | I36: 02-2026 | J36: III. ACCESSORY | K36: WOVEN TAPE | L36: =VLOOKUP(K36,CDC!$B$6:$O$203,14,FALSE) -> III-152 | M36: 2977 | N36: MTR | O36: 94.3 | P36: 99.8 | Q36: 0.02 | R36: 59.54 | U36: I 21065 | V36: 46062
A37: 46070 | B37: 46076 | C37: FWF GRATEFUL | D37: HANGZHOU | E37: CNQ26006 | F37: 46059 | G37: 843 | H37: CH-SHV | I37: 02-2026 | J37: II. RAW MATERIAL | K37: KNITTED FABRIC | L37: =VLOOKUP(K37,CDC!$B$6:$O$203,14,FALSE) -> II-125 | M37: 39717.9 | N37: MTR | O37: 23936 | P37: 24105 | Q37: 1 | R37: 39717.9 | S37: SHSIN6020045 | T37: CSGU6893215 / 40'HQ SEAL NO: CU422890 HAVE CHINA CO | U37: I 27779 | V37: 46076
A39: 46083 | B39: 46084 | C39: FWF GRATEFUL | D39: SHANGHAI YOUNGYUE | E39: CNQ126007 | F39: 46064 | G39: 369 | H39: CH-SHV | I39: 03-2026 | J39: II. RAW MATERIAL | K39: KNITTED FABRIC | L39: =VLOOKUP(K39,CDC!$B$6:$O$203,14,FALSE) -> II-125 | M39: 29217.8 | N39: MTR | O39: 8594.9 | P39: 86999.9 | Q39: 1 | R39: =ROUND(M39*Q39,2) -> 29217.8 | S39: SHSIN6020168 | T39: OOCU1196250 (20'GP) Delayed 1d (01-March - 02-March) unavailable for berthing | U39: I 32429 | V39: 46083
A40: 46083 | B40: 46084 | H40: CH-SHV | I40: 03-2026 | J40: II. RAW MATERIAL | K40: WOVEN FABRIC | L40: =VLOOKUP(K40,CDC!$B$6:$O$203,14,FALSE) -> II-124 | M40: 282.5 | N40: MTR | O40: 97.9 | P40: 99.1 | Q40: 1.8 | R40: =ROUND(M40*Q40,2) -> 508.5 | U40: I 32429 | V40: 46083
A41: 46083 | B41: 46084 | H41: CH-SHV | I41: 03-2026 | J41: II. RAW MATERIAL | K41: WOVEN TAPE | L41: =VLOOKUP(K41,CDC!$B$6:$O$203,14,FALSE) -> III-152 | M41: 4013 | N41: MTR | O41: 110.4 | P41: 114.4 | Q41: 0.02 | R41: =ROUND(M41*Q41,2) -> 80.26 | U41: I 32429 | V41: 46083
A42: 46083 | B42: 46084 | H42: CH-SHV | I42: 03-2026 | J42: II. RAW MATERIAL | K42: HANGER | L42: =VLOOKUP(K42,CDC!$B$6:$O$203,14,FALSE) -> III-182 | M42: 234 | N42: DZN | O42: 161.1 | P42: 173.4 | Q42: 1 | R42: =ROUND(M42*Q42,2) -> 234 | U42: I 32429 | V42: 46083
A43: 46083 | B43: 46084 | C43: FWF GRATEFUL | D43: SHANGHAI YOUNGYUE | E43: CNQ126008 | F43: 46064 | G43: 1000 | H43: CH-SHV | I43: 03-2026 | J43: II. RAW MATERIAL | K43: WOVEN FABRIC | L43: =VLOOKUP(K43,CDC!$B$6:$O$203,14,FALSE) -> II-124 | M43: 13511.9 | N43: MTR | O43: 2147.8 | P43: 2198.7 | Q43: 1.8 | R43: 24321.42 | S43: SHSIN6020169 | T43: TRHU52554521 (40'HQ) Delayed 1d (01-March - 02-March) unavailable for berthing. Standby (one night) $70 + Trucking Fee (6A FTY to JR FTY) $150 | U43: I 32408 | V43: 46083
I44: 03-2026 | J44: II. RAW MATERIAL | K44: KNITTED FABRIC | L44: =VLOOKUP(K44,CDC!$B$6:$O$203,14,FALSE) -> II-125 | M44: 57310.9 | N44: MTR | O44: 18189.7 | P44: 18406.6 | Q44: 1 | R44: 57310.9 | U44: I 32408 | V44: 46083
A45: 46109 | B45: 46112 | C45: FWF GRATEFUL | D45: SHANGHAI YOUNGYUE | E45: CNQ26013 | F45: 46100 | G45: 707 | H45: CH-SHV | I45: 03-2026 | J45: II. RAW MATERIAL | K45: KNITTED FABRIC | L45: =VLOOKUP(K45,CDC!$B$6:$O$203,14,FALSE) -> II-125 | M45: 51525.8 | N45: MTR | O45: 19277.7 | P45: 19489.8 | Q45: 1 | R45: =ROUND(M45*Q45,2) -> 51525.8 | S45: SHSIH6030051 | T45: CTNR No. SEGU4507538 Seal No. CW404359 1X40HQ | U45: I 43602 | V45: 46111
A47: 46111 | B47: 46113 | C47: FWF GRATEFUL | D47: SHANGHAI YOUNGYUE | E47: CNQ26011 | F47: 46100 | G47: 518 | H47: CH-SHV | I47: 04-2026 | J47: II. RAW MATERIAL | K47: WOVEN FABRIC | L47: =VLOOKUP(K47,CDC!$B$6:$O$203,14,FALSE) -> II-124 | M47: 4111.1 | N47: MTR | O47: 1403.6 | P47: 1415.6 | Q47: 1.8 | R47: =ROUND(M47*Q47,2) -> 7399.98 | S47: SHSIN6030058 | T47: CTNR No. SEGU6712980 Seal No. SITE598447 1X40HQ | U47: I 44874 | V47: 46113
H48: CH-SHV | I48: 04-2026 | J48: II. RAW MATERIAL | K48: KNITTED FABRIC | L48: =VLOOKUP(K48,CDC!$B$6:$O$203,14,FALSE) -> II-125 | M48: 31748 | N48: MTR | O48: 13949.4 | P48: 14043.4 | Q48: 1 | R48: =ROUND(M48*Q48,2) -> 31748 | S48: SHSIN6030058 | U48: I 44874 | V48: 46113
H49: CH-SHV | I49: 04-2026 | J49: III. ACCESSORY | K49: HANGER | L49: =VLOOKUP(K49,CDC!$B$6:$O$203,14,FALSE) -> III-182 | M49: 142 | N49: DZN | O49: 97.3 | P49: 104.9 | Q49: 1 | R49: =ROUND(M49*Q49,2) -> 142 | S49: SHSIN6030058 | U49: I 44874 | V49: 46113
A50: 46118 | B50: 46122 | C50: FWF GRATEFUL | D50: SHANGHAI YOUNGYUE | E50: CNQ26015 | F50: 46106 | G50: 317 | H50: CH-SHV | I50: 04-2026 | J50: II. RAW MATERIAL | K50: KNITTED FABRIC | L50: =VLOOKUP(K50,CDC!$B$6:$O$203,14,FALSE) -> II-125 | M50: 20161.3 | N50: MTR | O50: 9037.3 | P50: 9100.7 | Q50: 1 | R50: =ROUND(M50*Q50,2) -> 20161.3 | S50: SHSIN6030071 | T50: CTNR No. TLLU3124510 Seal No. SITE591088 1X20'GP | U50: I 48322 | V50: 46120
A51: 46129 | B51: 46134 | C51: FWF GRATEFUL | D51: SHANGHAI YOUNGYUE | E51: CNQ26017 | F51: 46113 | G51: 813 | H51: CH-SHV | I51: 04-2026 | J51: II. RAW MATERIAL | K51: KNITTED FABRIC | L51: =VLOOKUP(K51,CDC!$B$6:$O$203,14,FALSE) -> II-125 | M51: 41686.3 | N51: MTR | O51: 24819.5 | P51: 24980.3 | Q51: 1 | R51: =ROUND(M51*Q51,2) -> 41686.3 | S51: SHSIN6040026 | T51: CTNR No. DFSU7373397 Seal No. CW842307 1X40'HQ | U51: I 54125 | V51: 46133
A52: 46133 | B52: 46135 | C52: FWF GRATEFUL | D52: SHANGHAI YOUNGYUE | E52: CNQ26018 | F52: 46121 | G52: 344 | H52: CH-SHV | I52: 04-2026 | J52: II. RAW MATERIAL | K52: KNITTED FABRIC | L52: =VLOOKUP(K52,CDC!$B$6:$O$203,14,FALSE) -> II-125 | M52: 18692.3 | N52: MTR | O52: 9748 | P52: 9816.8 | Q52: 1 | R52: =ROUND(M52*Q52,2) -> 18692.3 | S52: SHSIN6040021 | T52: CTNR No. HLBU2728772 1X20'GP Seal No. SITE577892 Drop 2 locations 50$ + Standby / night 70$ 1. Kom bol / 2. Prek Leap | U52: I 54535 | V52: 46134
A53: 46133 | B53: 46136 | H53: CH-SHV | I53: 04-2026 | S53: SHSIN6040021 | U53: I 54535 | V53: 46134
A54: N/A | B54: N/A | C54: NANJING LUCHI JIANG SU KA XING | D54: SHANGHAI YOUNGYUE | E54: CNG26021 | F54: 46138 | G54: 96 | H54: PREY VOR | I54: 04-2026 | J54: II. RAW MATERIAL | K54: WOVEN FABRIC | L54: =VLOOKUP(K54,CDC!$B$6:$O$203,14,FALSE) -> II-124 | M54: 315 | N54: MTR | O54: 28.5 | P54: 29.5 | Q54: 1.8 | R54: =ROUND(M54*Q54,2) -> 567 | S54: LC20260426-05 | T54: CTNR No. XNKU4524024 Seal No. 0012576 45'HC Part of | U54: I 12031 | V54: 46142
H55: PREY VOR | I55: 04-2026 | J55: II. RAW MATERIAL | K55: KNITTED FABRIC | L55: =VLOOKUP(K55,CDC!$B$6:$O$203,14,FALSE) -> II-125 | M55: 5998.5 | N55: MTR | O55: 2295.6 | P55: 2305 | Q55: 1 | R55: =ROUND(M55*Q55,2) -> 5998.5 | S55: LC20260426-05 | U55: I 12031 | V55: 46142
A56: N/A | B56: N/A | C56: NANJING LUCHI JIANG SU KA XING | D56: SHANGHAI YOUNGYUE | E56: CNG260219 | F56: 46127 | G56: 45 | H56: PREY VOR | I56: 04-2026 | J56: III. ACCESSORY | K56: INTERLINING | L56: =VLOOKUP(K56,CDC!$B$6:$O$203,14,FALSE) -> III-130 | M56: 714.2 | N56: MTR | O56: 437 | P56: 440 | Q56: 0.2 | R56: =ROUND(M56*Q56,2) -> 142.84 | S56: LC202604152-06 | T56: CTNR No. HAHU5041005 Seal No. 0012063 45'HC Part of | U56: I 10430 | V56: 46133
H57: PREY VOR | I57: 04-2026 | J57: III. ACCESSORY | K57: MAIN LABEL | L57: =VLOOKUP(K57,CDC!$B$6:$O$203,14,FALSE) -> III-140 | M57: 240 | N57: DZN | O57: 9.5 | P57: 10 | Q57: 0.05 | R57: =ROUND(M57*Q57,2) -> 12 | S57: LC202604152-06 | U57: I 10430 | V57: 46133
H58: PREY VOR | I58: 04-2026 | J58: III. ACCESSORY | K58: METAL BUTTON | L58: =VLOOKUP(K58,CDC!$B$6:$O$203,14,FALSE) -> III-169 | M58: 341 | N58: GRO | O58: 61 | P58: 62.7 | Q58: 4 | R58: =ROUND(M58*Q58,2) -> 1364 | S58: LC202604152-06 | U58: I 10430 | V58: 46133
H59: PREY VOR | I59: 04-2026 | J59: III. ACCESSORY | K59: PLASTIC BUTTON | L59: =VLOOKUP(K59,CDC!$B$6:$O$203,14,FALSE) -> III-170 | M59: 393 | N59: GRO | O59: 483.1 | P59: 498.8 | Q59: 1.5 | R59: =ROUND(M59*Q59,2) -> 589.5 | S59: LC202604152-06 | U59: I 10430 | V59: 46133
H60: PREY VOR | I60: 04-2026 | J60: III. ACCESSORY | K60: HANG TAG | L60: =VLOOKUP(K60,CDC!$B$6:$O$203,14,FALSE) -> III-176 | M60: 61 | N60: DZN | O60: 15.5 | P60: 16 | Q60: 0.12 | R60: =ROUND(M60*Q60,2) -> 7.32 | S60: LC202604152-06 | U60: I 10430 | V60: 46133
A61: N/A | B61: N/A | C61: NANJING LUCHI JIANG SU KA XING | D61: SHANGHAI YOUNGYUE | E61: CNG260219 | F61: 46127 | G61: 12 | H61: PREY VOR | I61: 04-2026 | J61: III. ACCESSORY | K61: INTERLINING | L61: =VLOOKUP(K61,CDC!$B$6:$O$203,14,FALSE) -> III-130 | M61: 302 | N61: MTR | O61: 26.95 | P61: 27.95 | Q61: 0.2 | R61: =ROUND(M61*Q61,2) -> 60.4 | S61: LC202604224-01 | T61: CTNR No. HMMU9048026 Seal No. 00120505 45'HC Part of | U61: I 11514 | V61: 46139
H62: PREY VOR | I62: 04-2026 | J62: III. ACCESSORY | K62: PLASTIC ZIPPER | L62: =VLOOKUP(K62,CDC!$B$6:$O$203,14,FALSE) -> III-139 | M62: 602 | N62: DZN | O62: 23 | P62: 23.5 | Q62: 1.2 | R62: =ROUND(M62*Q62,2) -> 722.4 | S62: LC202604224-01 | U62: I 11514 | V62: 46139
H63: PREY VOR | I63: 04-2026 | J63: III. ACCESSORY | K63: ELASTIC TAPE | L63: =VLOOKUP(K63,CDC!$B$6:$O$203,14,FALSE) -> III-154 | M63: 341 | N63: MTR | O63: 22 | P63: 23 | Q63: 0.03 | R63: =ROUND(M63*Q63,2) -> 10.23 | S63: LC202604224-01 | U63: I 11514 | V63: 46139
H64: PREY VOR | I64: 04-2026 | J64: III. ACCESSORY | K64: PLASTIC BUTTON | L64: =VLOOKUP(K64,CDC!$B$6:$O$203,14,FALSE) -> III-170 | M64: 143 | N64: GRO | O64: 72.2 | P64: 75 | Q64: 1.5 | R64: =ROUND(M64*Q64,2) -> 214.5 | S64: LC202604224-01 | U64: I 11514 | V64: 46139
H65: PREY VOR | I65: 04-2026 | J65: III. ACCESSORY | K65: HANG TAG | L65: =VLOOKUP(K65,CDC!$B$6:$O$203,14,FALSE) -> III-176 | M65: 773 | N65: DZN | O65: 33 | P65: 34 | Q65: 0.12 | R65: =ROUND(M65*Q65,2) -> 92.76 | S65: LC202604224-01 | U65: I 11514 | V65: 46139
A67: 46205 | B67: 46207 | C67: FWF GRATEFUL | D67: SHANGHAI YOUNGYUE | E67: CNQ26029 | F67: 46191 | G67: 521 | H67: CH-SHV | I67: 07-2026 | J67: II. RAW MATERIAL | K67: KNITTED FABRIC | L67: =VLOOKUP(K67,CDC!$B$6:$O$203,14,FALSE) -> II-125 | M67: 28752 | N67: MTR | O67: 15190.6 | P67: 15385.4 | Q67: 1 | R67: =ROUND(M67*Q67,2) -> 28752 | S67: SHSIN6060300 | T67: Drop 2 Locations 60 USD Unload at JR (330 pkgs) Xin Yi Yang (191 pkgs) CTNR No. OOCU6014830 / 40'HQ Vessel: MILLENNIUM BRIGHT / 095S | U67: I 96707 | V67: 46205 | W67: 691.5 | X67: 46202 | Y67: FWFTI265795 FWFTI265796 | Z67: GS26-264 | AA67: DIS296 | AB67: JR2607001
A68: 46205 | B68: 46207 | H68: CH-SHV | I68: 07-2026 | J68: III. ACCESSORY | K68: WOVEN LABEL | L68: =VLOOKUP(K68,CDC!$B$6:$O$203,14,FALSE) -> III-146 | M68: 764 | N68: DZN | O68: 10.7 | P68: 11 | Q68: 0.05 | R68: =ROUND(M68*Q68,2) -> 38.2 | S68: SHSIN6060300 | U68: I 96707 | V68: 46205
A69: 46205 | B69: 46207 | H69: CH-SHV | I69: 07-2026 | J69: III. ACCESSORY | K69: PLASTIC BUTTON | L69: =VLOOKUP(K69,CDC!$B$6:$O$203,14,FALSE) -> III-170 | M69: 14 | N69: GRO | O69: 0.9 | P69: 1 | Q69: 1.5 | R69: =ROUND(M69*Q69,2) -> 21 | S69: SHSIN6060300 | U69: I 96707 | V69: 46205
A70: 46205 | B70: 46207 | H70: CH-SHV | I70: 07-2026 | J70: III. ACCESSORY | K70: HANG TAG | L70: =VLOOKUP(K70,CDC!$B$6:$O$203,14,FALSE) -> III-176 | M70: 450 | N70: DZN | O70: 18.4 | P70: 19 | Q70: 0.12 | R70: =ROUND(M70*Q70,2) -> 54 | S70: SHSIN6060300 | U70: I 96707 | V70: 46205
A71: 46222 | B71: 46225 | C71: FWF GRATEFUL | D71: SHANGHAI YOUNGYUE | E71: CNQ26031 | F71: 46211 | G71: 713 | H71: CH-SHV | I71: 07-2026 | J71: II. RAW MATERIAL | K71: KNITTED FABRIC | L71: =VLOOKUP(K71,CDC!$B$6:$O$203,14,FALSE) -> II-125 | M71: 50616.7 | N71: MTR | O71: 21453.1 | P71: 21634.1 | Q71: 1 | R71: =ROUND(M71*Q71,2) -> 50616.7 | S71: SHSIN6070077 | T71: Unload at JR (482 Rolls) XIN YI YANG (231 Rolls) CTNR No. TRHU6687589 / 40'HQ Seal No. SITE897153 Vessel: SITC ZHEJIANG / 2616S | U71: I 105712 | V71: 46223 | W71: 714 | X71: 46219 | Y71: FWFTI266440 FWFTI266441 | Z71: GS26-302 | AA71: DIS334 | AB71: JR2607004
A72: 46222 | B72: 46224 | C72: FWF GRATEFUL | D72: SHANGHAI YOUNGYUE | E72: CNQ26032 | F72: 46212 | G72: 742 | H72: CH-SHV | I72: 07-2026 | J72: II. RAW MATERIAL | K72: KNITTED FABRIC | L72: =VLOOKUP(K72,CDC!$B$6:$O$203,14,FALSE) -> II-125 | M72: 50579.7 | N72: MTR | O72: 21441 | P72: 21654.3 | Q72: 1 | R72: =ROUND(M72*Q72,2) -> 50579.7 | S72: SHSIN6070133 | T72: Unload at XIN YI YANG CTNR No. TCLU7908718 / 40'HQ Seal No. SITE890735 Vessel: SITC ZHEJIANG / 2616S | U72: I 105711 | V72: 46223 | W72: 714 | X72: 46219 | Y72: FWFTI266442 FWFTI266443 | Z72: GS26-301 | AA72: DIS333 | AB72: JR2607003
A73: 46222 | B73: 46224 | H73: CH-SHV | I73: 07-2026 | J73: III. ACCESSORY | K73: METAL BUTTON | L73: =VLOOKUP(K73,CDC!$B$6:$O$203,14,FALSE) -> III-169 | M73: 1228 | N73: GRO | O73: 493.8 | P73: 510.7 | Q73: 4 | R73: =ROUND(M73*Q73,2) -> 4912 | S73: SHSIN6070133 | U73: I 105711 | V73: 46223
A74: 46222 | B74: 46224 | H74: CH-SHV | I74: 07-2026 | J74: III. ACCESSORY | K74: PLASTIC BUTTON | L74: =VLOOKUP(K74,CDC!$B$6:$O$203,14,FALSE) -> III-170 | M74: 299 | N74: GRO | O74: 6.5 | P74: 7 | Q74: 1.5 | R74: =ROUND(M74*Q74,2) -> 448.5 | S74: SHSIN6070133 | U74: I 105711 | V74: 46223
A75: 46222 | B75: 46224 | H75: CH-SHV | I75: 07-2026 | J75: III. ACCESSORY | K75: MAIN LABEL | L75: =VLOOKUP(K75,CDC!$B$6:$O$203,14,FALSE) -> III-140 | M75: 7175 | N75: DZN | O75: 42 | P75: 45 | Q75: 0.05 | R75: =ROUND(M75*Q75,2) -> 358.75 | S75: SHSIN6070133 | U75: I 105711 | V75: 46223
A76: 46225 | B76: 46230 | C76: FWF GRATEFUL | D76: SHANGHAI YOUNGYUE | E76: CNQ26033 | F76: 46213 | G76: 759 | H76: CH-SHV | I76: 07-2026 | J76: II. RAW MATERIAL | K76: KNITTED FABRIC | L76: =VLOOKUP(K76,CDC!$B$6:$O$203,14,FALSE) -> II-125 | M76: 39790.3 | N76: MTR | O76: 19321.4 | P76: 19573.2 | Q76: 1 | R76: =ROUND(M76*Q76,2) -> 39790.3 | S76: SHSIN6070127 | T76: Unload at XIN YI YANG CTNR No. CSLU6006821 / 40'HQ Seal No. CT643859 Vessel: MILLENNIUM BRIGHT / 096S | U76: I 107653 | V76: 46226 | W76: 691.5 | X76: 46223 | Y76: FWFTI266576 FWFTI266577 | Z76: GS26-307 | AA76: DIS339 | AB76: JR2607005
A78: 46252 | B78: 46255 | C78: FWF GRATEFUL | D78: SHANGHAI YOUNGYUE | E78: CNQ26040 | F78: 46233 | G78: 260 | H78: CH-SHV | I78: 08-2026 | J78: II. RAW MATERIAL | K78: KNITTED FABRIC | L78: =VLOOKUP(K78,CDC!$B$6:$O$203,14,FALSE) -> II-125 | M78: 14274 | N78: MTR | O78: 8009.9 | P78: 8048.9 | Q78: 1 | R78: =ROUND(M78*Q78,2) -> 14274 | S78: SHSIH6080018 | T78: Unload at XIN YI YANG CTNR No. CAAU2810289 / 20'GP Seal No. SITE922205 Vessel: SITC RENDE / 2616S | U78: I 120893 | V78: 46254 | W78: 464 | X78: 46248 | Y78: FWFTI267508 FWFTI267509 | Z78: TBA | AA78: TBA | AB78: TBA
A79: 46255 | B79: 46259 | C79: FWF GRATEFUL | D79: JIAXING LAYO | E79: CNQ26041 | F79: 46241 | G79: 393 | H79: CH-SHV | I79: 08-2026 | J79: II. RAW MATERIAL | K79: KNITTED FABRIC | L79: =VLOOKUP(K79,CDC!$B$6:$O$203,14,FALSE) -> II-125 | M79: 24797.9 | N79: MTR | O79: 10415.3 | P79: 10474.25 | Q79: 1 | R79: =ROUND(M79*Q79,2) -> 24797.9 | S79: SHSIN6080101 | T79: Unload at DALLAS CTNR No. FFAU7555528 / 40'HQ Seal No. SITE966801 Vessel: SITC HAINAN / 2620S | U79: I 123321 | V79: 46258 | W79: 719.5 | X79: 46253 | Y79: FWFTI267651 FWFTI267652 | Z79: TBA | AA79: TBA | AB79: TBA
A80: 46252 | B80: 46256 | C80: MAERSK GRATEFUL | D80: YUE KONG TRADING | E80: MX2608115JR | F80: 46243 | G80: 4 | H80: CH-SHV | I80: 08-2026 | J80: I. MACHINERIES & EQUIPMENTS | K80: GENERATOR (DIESEL) (350KVA) | L80: =VLOOKUP(K80,CDC!$B$6:$O$203,14,FALSE) -> I-72 | M80: 1 | N80: SET | O80: 2415 | P80: 2420 | Q80: 11000 | R80: =ROUND(M80*Q80,2) -> 11000 | S80: 274995778 | T80: Unload at JR CTNR No. MRKU8974303 / 20'GP Seal No. ML-CN7603246 Vessel: MAERSK NUSSFJORD / 631S Apply Customs Approval Letter 500$ | U80: I 122050 | V80: 46255 | W80: 355 | X80: 46251 | Y80: 7676285562 | Z80: TBA | AA80: TBA | AB80: TBA
I81: 08-2026 | K81: -MADE IN CHINA -MODEL: YX220 -ENGINE : YC6MK350LD20 -MANUFACTURING DATE: JULY 2026
A83: 46288 | B83: 46293 | C83: FWF GRATEFUL | D83: SHANGHAI YOUNGYUE | E83: CNQ26044 | F83: 46265 | G83: 635 | H83: CH-SHV | I83: 09-2026 | J83: II. RAW MATERIAL | K83: KNITTED FABRIC | L83: =VLOOKUP(K83,CDC!$B$6:$O$203,14,FALSE) -> II-125 | M83: 32636.7 | N83: MTR | O83: 17932.6 | P83: 18111.7 | Q83: 1 | R83: =ROUND(M83*Q83,2) -> 32636.7 | S83: SHSIN6090031 | T83: Unload at XIN YI YANG CTNR No. ZCSU7954124 / 40'HQ Seal No. A4250250303 Vessel: NUUK MAERSK / 634S | U83: I 138735 | V83: 46290 | W83: =440+159.5 -> 599.5 | X83: 46287 | Y83: FWFTI268937 FWFTI268938
A84: 46288 | B84: 46293 | H84: CH-SHV | I84: 09-2026 | J84: III. ACCESSORY | K84: INTERLINING | L84: =VLOOKUP(K84,CDC!$B$6:$O$203,14,FALSE) -> III-130 | M84: 4968.8 | N84: MTR | O84: 678.8 | P84: 697.8 | Q84: 0.2 | R84: =ROUND(M84*Q84,2) -> 993.76 | S84: SHSIN6090031 | U84: I 138735 | V84: 46290
A85: 46282 | B85: 46287 | C85: FWF GRATEFUL | D85: SHANGHAI YOUNGYUE | E85: CNQ26046 | F85: 46275 | G85: 797 | H85: CH-SHV | I85: 09-2026 | J85: II. RAW MATERIAL | K85: KNITTED FABRIC | L85: =VLOOKUP(K85,CDC!$B$6:$O$203,14,FALSE) -> II-125 | M85: 43579.5 | N85: MTR | O85: 23993.3 | P85: 24300 | Q85: 1 | R85: =ROUND(M85*Q85,2) -> 43579.5 | S85: SHSIN6090083 | T85: Unload at XIN YI YANG (313) on 22-Sep JR (484) on 23-Sep CTNR No. OOCU7012318 / 40'HQ Seal No. CX793514 Vessel: PALAWAN / 038S | U85: I 136252 | V85: 46284 | W85: 691.5 | X85: 46281 | Y85: FWFTI268646 FWFTI268647
A86: 46282 | B86: 46287 | C86: FWF GRATEFUL | D86: SHANGHAI YOUNGYUE | E86: CNQ26047 | F86: 46275 | G86: 688 | H86: CH-SHV | I86: 09-2026 | J86: II. RAW MATERIAL | K86: WOVEN FABRIC | L86: =VLOOKUP(K86,CDC!$B$6:$O$203,14,FALSE) -> II-124 | M86: 69565 | N86: MTR | O86: 24790.5 | P86: 24996.9 | Q86: 1.8 | R86: =ROUND(M86*Q86,2) -> 125217 | S86: SHSIN6090084 | T86: Unload at DALLAS Standby 1 Night (Arrived 22-Sep Unload 23-Sep) CTNR No. CSNU6862609 / 40'HQ Seal No. CN735088 Vessel: PALAWAN / 038S | U86: I 136243 | V86: 46284 | W86: 691.5 | X86: 46281 | Y86: FWFTI268648 FWFTI268649
A87: 46288 | B87: 46293 | C87: FWF GRATEFUL | D87: SHANGHAI YOUNGYUE | E87: CNQ26048 | F87: 46279 | G87: 306 | H87: CH-SHV | I87: 09-2026 | J87: II. RAW MATERIAL | K87: WOVEN FABRIC | L87: =VLOOKUP(K87,CDC!$B$6:$O$203,14,FALSE) -> II-124 | M87: 31205.7 | N87: MTR | O87: 11012.3 | P87: 11104.1 | Q87: 1.8 | R87: =ROUND(M87*Q87,2) -> 56170.26 | S87: SHSIN6090113 | T87: Unload at DALLAS CTNR No. SEKU1756681 / 20'GP Seal No. SITE928709 Vessel: SITC JIANGSU / 2622S | U87: I 138725 | V87: 46290 | W87: =320+159.5 -> 479.5 | X87: 46287 | Y87: FWFTI268939 FWFTI268940
A89: 46295 | B89: 46297 | C89: FWF GRATEFUL | D89: SHANGHAI YOUNGYUE | E89: CNQ26050 | F89: 46283 | G89: 629 | H89: CH-SHV | I89: 10-2026 | J89: II. RAW MATERIAL | K89: KNITTED FABRIC | L89: =VLOOKUP(K89,CDC!$B$6:$O$203,14,FALSE) -> II-125 | M89: 35246 | N89: MTR | O89: 16177.8 | P89: 16368.3 | Q89: 1 | R89: =ROUND(M89*Q89,2) -> 35246 | S89: SHSIN6090118 | T89: Unload at XIN YI YANG (186) + JR (443) CTNR No. TCNU5209621 / 40'HQ Seal No. A426C597937 Vessel: MAERSK NARVIK / 636S | U89: I 142374 | V89: 46296 | W89: =440+159.5 -> 599.5 | X89: 46294 | Y89: FWFTI269173 FWFTI269174
A90: 46295 | B90: 46297 | H90: CH-SHV | I90: 10-2026 | J90: II. RAW MATERIAL | K90: WOVEN FABRIC | L90: =VLOOKUP(K90,CDC!$B$6:$O$203,14,FALSE) -> II-124 | M90: 5706 | N90: MTR | O90: 782.3 | P90: 804.3 | Q90: 1.8 | R90: =ROUND(M90*Q90,2) -> 10270.8 | U90: I 142374 | V90: 46296
A91: 46294 | B91: 46298 | C91: FWF GRATEFUL | D91: SHANGHAI YOUNGYUE | E91: CNQ26051 | F91: 46279 | G91: 715 | H91: CH-SHV | I91: 10-2026 | J91: II. RAW MATERIAL | K91: KNITTED FABRIC | L91: =VLOOKUP(K91,CDC!$B$6:$O$203,14,FALSE) -> II-125 | M91: 37322 | N91: MTR | O91: 21745.9 | P91: 21960.4 | Q91: 1 | R91: =ROUND(M91*Q91,2) -> 37322 | S91: SHSIN6090119 | T91: Unload at XIN YI YANG CTNR No. TRHU5821292 / 40'HQ Seal No. EMCVPW2144 Vessel: EVER WIZ / 0371-024A | U91: I 142652 | V91: 46297 | W91: =490+187 -> 677 | X91: 46294 | Y91: FWFTI269165 FWFTI269166
C92: FWF GRATEFUL | D92: SHANGHAI YOUNGYUE | E92: CNQ26056 | F92: 46307 | G92: 296 | H92: CH-SHV | I92: 10-2026 | J92: II. RAW MATERIAL | K92: WOVEN FABRIC | L92: =VLOOKUP(K92,CDC!$B$6:$O$203,14,FALSE) -> II-124 | M92: 30917 | N92: MTR | O92: 10139.5 | P92: 10221.3 | Q92: 1 | R92: =ROUND(M92*Q92,2) -> 30917 | S92: TBA | T92: PENDING HBL + CO Unload at XIN YI YANG (162) + DALLAS (133)
H93: CH-SHV | I93: 10-2026 | J93: III. ACCESSORY | K93: WOVEN TAPE | L93: =VLOOKUP(K93,CDC!$B$6:$O$203,14,FALSE) -> III-152 | M93: 4696 | N93: MTR | O93: 240 | P93: 252 | Q93: 1.8 | R93: =ROUND(M93*Q93,2) -> 8452.8

Sheet CDC
I4: IMPORTED
A5: I. MACHINERIES & EQUIPMENTS | C5: New/ Used | D5: Unit | E5: Quantity | F5: Unit Price USD | G5: Total Price USD | H5: Remarks | I5: Q'TY | J5: PRICE | K5: N.W | L5: BALANCE | M5: <50% | N5: Condition | O5: Declare
A6: 1 | B6: METAL DETECTOR MACHINE | C6: New | D6: SET | E6: 3 | F6: 4500 | G6: =F6*E6 -> 13500 | H6: N/A | I6: =SUMIFS(IMPORT!$M$2:$M$94,IMPORT!$K$2:$K$94,CDC!B6) -> 1 | J6: =SUMIFS(IMPORT!$R$2:$R$94,IMPORT!$K$2:$K$94,CDC!B6) -> 4500 | K6: =SUMIFS(IMPORT!$O$2:$O$94,IMPORT!$K$2:$K$94,CDC!B6) -> 1014.6 | L6: =E6-I6 -> 2 | M6: =L6/E6 -> 0.66666667 | N6: =IF(M6<50%,"CHECK","OK") -> OK | O6: I-1 | P6: FABRIC INSPECTION MACHINE | Q6: =VLOOKUP(P6,$B$6:$O$203,3,FALSE) -> SET
A7: =A6+1 -> 2 | B7: HANDHELD SCANNER | C7: New | D7: SET | E7: 8 | F7: 130 | G7: =F7*E7 -> 1040 | H7: N/A | I7: =SUMIFS(IMPORT!$M$2:$M$94,IMPORT!$K$2:$K$94,CDC!B7) -> 2 | J7: =SUMIFS(IMPORT!$R$2:$R$94,IMPORT!$K$2:$K$94,CDC!B7) -> 260 | K7: =SUMIFS(IMPORT!$O$2:$O$94,IMPORT!$K$2:$K$94,CDC!B7) -> 197 | L7: =E7-I7 -> 6 | M7: =L7/E7 -> 0.75 | N7: =IF(M7<50%,"CHECK","OK") -> OK | O7: I-2 | P7: Fabric relaxing machine | Q7: =VLOOKUP(P7,$B$6:$O$203,3,FALSE) -> SET
A8: =A7+1 -> 3 | B8: FABRIC INSPECTION MACHINE | C8: New | D8: SET | E8: 3 | F8: 5500 | G8: =F8*E8 -> 16500 | H8: N/A | I8: =SUMIFS(IMPORT!$M$2:$M$94,IMPORT!$K$2:$K$94,CDC!B8) -> 2 | J8: =SUMIFS(IMPORT!$R$2:$R$94,IMPORT!$K$2:$K$94,CDC!B8) -> 11000 | K8: =SUMIFS(IMPORT!$O$2:$O$94,IMPORT!$K$2:$K$94,CDC!B8) -> 1660 | L8: =E8-I8 -> 1 | M8: =L8/E8 -> 0.33333333 | N8: =IF(M8<50%,"CHECK","OK") -> CHECK | O8: I-3 | P8: FUSING MACHINE | Q8: =VLOOKUP(P8,$B$6:$O$203,3,FALSE) -> SET
A9: =A8+1 -> 4 | B9: ELECTRONIC SCALE-30KG | C9: New | D9: SET | E9: 10 | F9: 50 | G9: =F9*E9 -> 500 | H9: N/A | I9: =SUMIFS(IMPORT!$M$2:$M$94,IMPORT!$K$2:$K$94,CDC!B9) -> 0 | J9: =SUMIFS(IMPORT!$R$2:$R$94,IMPORT!$K$2:$K$94,CDC!B9) -> 0 | K9: =SUMIFS(IMPORT!$O$2:$O$94,IMPORT!$K$2:$K$94,CDC!B9) -> 0 | L9: =E9-I9 -> 10 | M9: =L9/E9 -> 1 | N9: =IF(M9<50%,"CHECK","OK") -> OK | O9: I-4 | P9: IRON TABLE | Q9: =VLOOKUP(P9,$B$6:$O$203,3,FALSE) -> SET
A10: =A9+1 -> 5 | B10: GRAM SCALE-500G | C10: New | D10: SET | E10: 5 | F10: 50 | G10: =F10*E10 -> 250 | H10: N/A | I10: =SUMIFS(IMPORT!$M$2:$M$94,IMPORT!$K$2:$K$94,CDC!B10) -> 0 | J10: =SUMIFS(IMPORT!$R$2:$R$94,IMPORT!$K$2:$K$94,CDC!B10) -> 0 | K10: =SUMIFS(IMPORT!$O$2:$O$94,IMPORT!$K$2:$K$94,CDC!B10) -> 0 | L10: =E10-I10 -> 5 | M10: =L10/E10 -> 1 | N10: =IF(M10<50%,"CHECK","OK") -> OK | O10: I-5
A11: =A10+1 -> 6 | B11: HANGING SYSTEM | C11: New | D11: SET | E11: 8 | F11: 35000 | G11: =F11*E11 -> 280000 | H11: N/A | I11: =SUMIFS(IMPORT!$M$2:$M$94,IMPORT!$K$2:$K$94,CDC!B11) -> 0 | J11: =SUMIFS(IMPORT!$R$2:$R$94,IMPORT!$K$2:$K$94,CDC!B11) -> 0 | K11: =SUMIFS(IMPORT!$O$2:$O$94,IMPORT!$K$2:$K$94,CDC!B11) -> 0 | L11: =E11-I11 -> 8 | M11: =L11/E11 -> 1 | N11: =IF(M11<50%,"CHECK","OK") -> OK | O11: I-6
A12: =A11+1 -> 7 | B12: ONE NEEDLE SEWING MACHINE | C12: New | D12: SET | E12: 300 | F12: 320 | G12: =F12*E12 -> 96000 | H12: N/A | I12: =SUMIFS(IMPORT!$M$2:$M$94,IMPORT!$K$2:$K$94,CDC!B12) -> 64 | J12: =SUMIFS(IMPORT!$R$2:$R$94,IMPORT!$K$2:$K$94,CDC!B12) -> 20480 | K12: =SUMIFS(IMPORT!$O$2:$O$94,IMPORT!$K$2:$K$94,CDC!B12) -> 4268 | L12: =E12-I12 -> 236 | M12: =L12/E12 -> 0.78666667 | N12: =IF(M12<50%,"CHECK","OK") -> OK | O12: I-7
A13: =A12+1 -> 8 | B13: TWO NEEDLE SEWING MACHINE | C13: New | D13: SET | E13: 50 | F13: 1500 | G13: =F13*E13 -> 75000 | H13: N/A | I13: =SUMIFS(IMPORT!$M$2:$M$94,IMPORT!$K$2:$K$94,CDC!B13) -> 2 | J13: =SUMIFS(IMPORT!$R$2:$R$94,IMPORT!$K$2:$K$94,CDC!B13) -> 3000 | K13: =SUMIFS(IMPORT!$O$2:$O$94,IMPORT!$K$2:$K$94,CDC!B13) -> 138 | L13: =E13-I13 -> 48 | M13: =L13/E13 -> 0.96 | N13: =IF(M13<50%,"CHECK","OK") -> OK | O13: I-8
A14: =A13+1 -> 9 | B14: THREE NEEDLE FIVE THREAD SEWING MACHINE | C14: New | D14: SET | E14: 50 | F14: 1500 | G14: =F14*E14 -> 75000 | H14: N/A | I14: =SUMIFS(IMPORT!$M$2:$M$94,IMPORT!$K$2:$K$94,CDC!B14) -> 0 | J14: =SUMIFS(IMPORT!$R$2:$R$94,IMPORT!$K$2:$K$94,CDC!B14) -> 0 | K14: =SUMIFS(IMPORT!$O$2:$O$94,IMPORT!$K$2:$K$94,CDC!B14) -> 0 | L14: =E14-I14 -> 50 | M14: =L14/E14 -> 1 | N14: =IF(M14<50%,"CHECK","OK") -> OK | O14: I-9
A15: =A14+1 -> 10 | B15: FOUR NEEDLE SIX THREAD SEWING MACHINE | C15: New | D15: SET | E15: 40 | F15: 3000 | G15: =F15*E15 -> 120000 | H15: N/A | I15: =SUMIFS(IMPORT!$M$2:$M$94,IMPORT!$K$2:$K$94,CDC!B15) -> 2 | J15: =SUMIFS(IMPORT!$R$2:$R$94,IMPORT!$K$2:$K$94,CDC!B15) -> 6000 | K15: =SUMIFS(IMPORT!$O$2:$O$94,IMPORT!$K$2:$K$94,CDC!B15) -> 380 | L15: =E15-I15 -> 38 | M15: =L15/E15 -> 0.95 | N15: =IF(M15<50%,"CHECK","OK") -> OK | O15: I-10
A16: =A15+1 -> 11 | B16: FOUR THREAD OVERLOCK SEWING MACHINE | C16: New | D16: SET | E16: 300 | F16: 500 | G16: =F16*E16 -> 150000 | H16: N/A | I16: =SUMIFS(IMPORT!$M$2:$M$94,IMPORT!$K$2:$K$94,CDC!B16) -> 24 | J16: =SUMIFS(IMPORT!$R$2:$R$94,IMPORT!$K$2:$K$94,CDC!B16) -> 12000 | K16: =SUMIFS(IMPORT!$O$2:$O$94,IMPORT!$K$2:$K$94,CDC!B16) -> 1540 | L16: =E16-I16 -> 276 | M16: =L16/E16 -> 0.92 | N16: =IF(M16<50%,"CHECK","OK") -> OK | O16: I-11
A17: =A16+1 -> 12 | B17: FIVE THREAD OVERLOCK SEWING MACHINE | C17: New | D17: SET | E17: 50 | F17: 550 | G17: =F17*E17 -> 27500 | H17: N/A | I17: =SUMIFS(IMPORT!$M$2:$M$94,IMPORT!$K$2:$K$94,CDC!B17) -> 46 | J17: =SUMIFS(IMPORT!$R$2:$R$94,IMPORT!$K$2:$K$94,CDC!B17) -> 25300 | K17: =SUMIFS(IMPORT!$O$2:$O$94,IMPORT!$K$2:$K$94,CDC!B17) -> 3082 | L17: =E17-I17 -> 4 | M17: =L17/E17 -> 0.08 | N17: =IF(M17<50%,"CHECK","OK") -> CHECK | O17: I-12
A18: =A17+1 -> 13 | B18: COVER STITCHING MACHINE | C18: New | D18: SET | E18: 30 | F18: 600 | G18: =F18*E18 -> 18000 | H18: N/A | I18: =SUMIFS(IMPORT!$M$2:$M$94,IMPORT!$K$2:$K$94,CDC!B18) -> 0 | J18: =SUMIFS(IMPORT!$R$2:$R$94,IMPORT!$K$2:$K$94,CDC!B18) -> 0 | K18: =SUMIFS(IMPORT!$O$2:$O$94,IMPORT!$K$2:$K$94,CDC!B18) -> 0 | L18: =E18-I18 -> 30 | M18: =L18/E18 -> 1 | N18: =IF(M18<50%,"CHECK","OK") -> OK | O18: I-13
A19: =A18+1 -> 14 | B19: SEWING MACHINE | C19: New | D19: SET | E19: 100 | F19: 1000 | G19: =F19*E19 -> 100000 | H19: N/A | I19: =SUMIFS(IMPORT!$M$2:$M$94,IMPORT!$K$2:$K$94,CDC!B19) -> 7 | J19: =SUMIFS(IMPORT!$R$2:$R$94,IMPORT!$K$2:$K$94,CDC!B19) -> 7000 | K19: =SUMIFS(IMPORT!$O$2:$O$94,IMPORT!$K$2:$K$94,CDC!B19) -> 553 | L19: =E19-I19 -> 93 | M19: =L19/E19 -> 0.93 | N19: =IF(M19<50%,"CHECK","OK") -> OK | O19: I-14
A20: =A19+1 -> 15 | B20: LONG ARM SEWING MACHINE | C20: New | D20: SET | E20: 10 | F20: 800 | G20: =F20*E20 -> 8000 | H20: N/A | I20: =SUMIFS(IMPORT!$M$2:$M$94,IMPORT!$K$2:$K$94,CDC!B20) -> 0 | J20: =SUMIFS(IMPORT!$R$2:$R$94,IMPORT!$K$2:$K$94,CDC!B20) -> 0 | K20: =SUMIFS(IMPORT!$O$2:$O$94,IMPORT!$K$2:$K$94,CDC!B20) -> 0 | L20: =E20-I20 -> 10 | M20: =L20/E20 -> 1 | N20: =IF(M20<50%,"CHECK","OK") -> OK | O20: I-15
A21: =A20+1 -> 16 | B21: BARTACKING MACHINE | C21: New | D21: SET | E21: 20 | F21: 1200 | G21: =F21*E21 -> 24000 | H21: N/A | I21: =SUMIFS(IMPORT!$M$2:$M$94,IMPORT!$K$2:$K$94,CDC!B21) -> 10 | J21: =SUMIFS(IMPORT!$R$2:$R$94,IMPORT!$K$2:$K$94,CDC!B21) -> 12000 | K21: =SUMIFS(IMPORT!$O$2:$O$94,IMPORT!$K$2:$K$94,CDC!B21) -> 820 | L21: =E21-I21 -> 10 | M21: =L21/E21 -> 0.5 | N21: =IF(M21<50%,"CHECK","OK") -> OK | O21: I-16
... A78: =A77+1 -> 73 | B78: DEHUMIDIFIER MACHINE | C78: New | D78: SET | E78: 5 | F78: 3500 | G78: =F78*E78 -> 17500 | H78: N/A | I78: =SUMIFS(IMPORT!$M$2:$M$94,IMPORT!$K$2:$K$94,CDC!B78) -> 0 | J78: =SUMIFS(IMPORT!$R$2:$R$94,IMPORT!$K$2:$K$94,CDC!B78) -> 0 | K78: =SUMIFS(IMPORT!$O$2:$O$94,IMPORT!$K$2:$K$94,CDC!B78) -> 0 | L78: =E78-I78 -> 5 | M78: =L78/E78 -> 1 | N78: =IF(M78<50%,"CHECK","OK") -> OK | O78: I-73
A79: =A78+1 -> 74 | B79: LAMP (USE IN WORKSHOP) | C79: New | D79: SET | E79: 0 | F79: 10 | G79: =F79*E79 -> 0 | H79: N/A | I79: =SUMIFS(IMPORT!$M$2:$M$94,IMPORT!$K$2:$K$94,CDC!B79) -> 0 | J79: =SUMIFS(IMPORT!$R$2:$R$94,IMPORT!$K$2:$K$94,CDC!B79) -> 0 | K79: =SUMIFS(IMPORT!$O$2:$O$94,IMPORT!$K$2:$K$94,CDC!B79) -> 0 | L79: =E79-I79 -> 0 | M79: 0 | N79: =IF(M79<50%,"CHECK","OK") -> CHECK | O79: I-74
A80: =A79+1 -> 75 | B80: EXPLOSION-PROOF LAMP | C80: New | D80: SET | E80: 0 | F80: 35 | G80: =F80*E80 -> 0 | H80: N/A | I80: =SUMIFS(IMPORT!$M$2:$M$94,IMPORT!$K$2:$K$94,CDC!B80) -> 0 | J80: =SUMIFS(IMPORT!$R$2:$R$94,IMPORT!$K$2:$K$94,CDC!B80) -> 0 | K80: =SUMIFS(IMPORT!$O$2:$O$94,IMPORT!$K$2:$K$94,CDC!B80) -> 0 | L80: =E80-I80 -> 0 | M80: 0 | N80: =IF(M80<50%,"CHECK","OK") -> CHECK | O80: I-75
A81: =A80+1 -> 76 | B81: ELECTRIC WIRE (10-25MM) * 100M/ROLL | C81: New | D81: NRL | E81: 0 | F81: 180 | G81: =F81*E81 -> 0 | H81: N/A | I81: =SUMIFS(IMPORT!$M$2:$M$94,IMPORT!$K$2:$K$94,CDC!B81) -> 0 | J81: =SUMIFS(IMPORT!$R$2:$R$94,IMPORT!$K$2:$K$94,CDC!B81) -> 0 | K81: =SUMIFS(IMPORT!$O$2:$O$94,IMPORT!$K$2:$K$94,CDC!B81) -> 0 | L81: =E81-I81 -> 0 | M81: 0 | N81: =IF(M81<50%,"CHECK","OK") -> CHECK | O81: I-76
A82: =A81+1 -> 77 | B82: ELECTRIC WIRE (1.5-6MM) * 100M / ROLL | C82: New | D82: NRL | E82: 0 | F82: 60 | G82: =F82*E82 -> 0 | H82: N/A | I82: =SUMIFS(IMPORT!$M$2:$M$94,IMPORT!$K$2:$K$94,CDC!B82) -> 0 | J82: =SUMIFS(IMPORT!$R$2:$R$94,IMPORT!$K$2:$K$94,CDC!B82) -> 0 | K82: =SUMIFS(IMPORT!$O$2:$O$94,IMPORT!$K$2:$K$94,CDC!B82) -> 0 | L82: =E82-I82 -> 0 | M82: 0 | N82: =IF(M82<50%,"CHECK","OK") -> CHECK | O82: I-77
A83: =A82+1 -> 78 | B83: CABLE (30 - 70MM) | C83: New | D83: MTR | E83: 0 | F83: 20 | G83: =F83*E83 -> 0 | H83: N/A | I83: =SUMIFS(IMPORT!$M$2:$M$94,IMPORT!$K$2:$K$94,CDC!B83) -> 0 | J83: =SUMIFS(IMPORT!$R$2:$R$94,IMPORT!$K$2:$K$94,CDC!B83) -> 0 | K83: =SUMIFS(IMPORT!$O$2:$O$94,IMPORT!$K$2:$K$94,CDC!B83) -> 0 | L83: =E83-I83 -> 0 | M83: 0 | N83: =IF(M83<50%,"CHECK","OK") -> CHECK | O83: I-78
A84: =A83+1 -> 79 | B84: CABLE (120-300MM) | C84: New | D84: MTR | E84: 0 | F84: 65 | G84: =F84*E84 -> 0 | H84: N/A | I84: =SUMIFS(IMPORT!$M$2:$M$94,IMPORT!$K$2:$K$94,CDC!B84) -> 0 | J84: =SUMIFS(IMPORT!$R$2:$R$94,IMPORT!$K$2:$K$94,CDC!B84) -> 0 | K84: =SUMIFS(IMPORT!$O$2:$O$94,IMPORT!$K$2:$K$94,CDC!B84) -> 0 | L84: =E84-I84 -> 0 | M84: 0 | N84: =IF(M84<50%,"CHECK","OK") -> CHECK | O84: I-79
A85: =A84+1 -> 80 | B85: BREAKERS | C85: New | D85: SET | E85: 0 | F85: 3 | G85: =F85*E85 -> 0 | H85: N/A | I85: =SUMIFS(IMPORT!$M$2:$M$94,IMPORT!$K$2:$K$94,CDC!B85) -> 0 | J85: =SUMIFS(IMPORT!$R$2:$R$94,IMPORT!$K$2:$K$94,CDC!B85) -> 0 | K85: =SUMIFS(IMPORT!$O$2:$O$94,IMPORT!$K$2:$K$94,CDC!B85) -> 0 | L85: =E85-I85 -> 0 | M85: 0 | N85: =IF(M85<50%,"CHECK","OK") -> CHECK | O85: I-80
A86: =A85+1 -> 81 | B86: FAN | C86: New | D86: SET | E86: 0 | F86: 200 | G86: =F86*E86 -> 0 | H86: N/A | I86: =SUMIFS(IMPORT!$M$2:$M$94,IMPORT!$K$2:$K$94,CDC!B86) -> 0 | J86: =SUMIFS(IMPORT!$R$2:$R$94,IMPORT!$K$2:$K$94,CDC!B86) -> 0 | K86: =SUMIFS(IMPORT!$O$2:$O$94,IMPORT!$K$2:$K$94,CDC!B86) -> 0 | L86: =E86-I86 -> 0 | M86: 0 | N86: =IF(M86<50%,"CHECK","OK") -> CHECK | O86: I-81
A87: =A86+1 -> 82 | B87: WATER DRINKING MACHINE | C87: New | D87: SET | E87: 10 | F87: 800 | G87: =F87*E87 -> 8000 | H87: N/A | I87: =SUMIFS(IMPORT!$M$2:$M$94,IMPORT!$K$2:$K$94,CDC!B87) -> 0 | J87: =SUMIFS(IMPORT!$R$2:$R$94,IMPORT!$K$2:$K$94,CDC!B87) -> 0 | K87: =SUMIFS(IMPORT!$O$2:$O$94,IMPORT!$K$2:$K$94,CDC!B87) -> 0 | L87: =E87-I87 -> 10 | M87: =L87/E87 -> 1 | N87: =IF(M87<50%,"CHECK","OK") -> OK | O87: I-82
A88: =A87+1 -> 83 | B88: WATER SOFTENER SYSTEM (RO) | C88: New | D88: SET | E88: 5 | F88: 8000 | G88: =F88*E88 -> 40000 | H88: N/A | I88: =SUMIFS(IMPORT!$M$2:$M$94,IMPORT!$K$2:$K$94,CDC!B88) -> 0 | J88: =SUMIFS(IMPORT!$R$2:$R$94,IMPORT!$K$2:$K$94,CDC!B88) -> 0 | K88: =SUMIFS(IMPORT!$O$2:$O$94,IMPORT!$K$2:$K$94,CDC!B88) -> 0 | L88: =E88-I88 -> 5 | M88: =L88/E88 -> 1 | N88: =IF(M88<50%,"CHECK","OK") -> OK | O88: I-83
A89: =A88+1 -> 84 | B89: BARCODE PRINTER | C89: New | D89: SET | E89: 10 | F89: 1400 | G89: =F89*E89 -> 14000 | H89: N/A | I89: =SUMIFS(IMPORT!$M$2:$M$94,IMPORT!$K$2:$K$94,CDC!B89) -> 0 | J89: =SUMIFS(IMPORT!$R$2:$R$94,IMPORT!$K$2:$K$94,CDC!B89) -> 0 | K89: =SUMIFS(IMPORT!$O$2:$O$94,IMPORT!$K$2:$K$94,CDC!B89) -> 0 | L89: =E89-I89 -> 10 | M89: =L89/E89 -> 1 | N89: =IF(M89<50%,"CHECK","OK") -> OK | O89: I-84
A90: =A89+1 -> 85 | B90: INFRARED THERMOMETER | C90: New | D90: SET | E90: 10 | F90: 300 | G90: =F90*E90 -> 3000 | H90: N/A | I90: =SUMIFS(IMPORT!$M$2:$M$94,IMPORT!$K$2:$K$94,CDC!B90) -> 0 | J90: =SUMIFS(IMPORT!$R$2:$R$94,IMPORT!$K$2:$K$94,CDC!B90) -> 0 | K90: =SUMIFS(IMPORT!$O$2:$O$94,IMPORT!$K$2:$K$94,CDC!B90) -> 0 | L90: =E90-I90 -> 10 | M90: =L90/E90 -> 1 | N90: =IF(M90<50%,"CHECK","OK") -> OK | O90: I-85
A91: =A90+1 -> 86 | B91: TEMPERATURE MEASURING DEVICE | C91: New | D91: SET | E91: 35 | F91: 60 | G91: =F91*E91 -> 2100 | H91: N/A | I91: =SUMIFS(IMPORT!$M$2:$M$94,IMPORT!$K$2:$K$94,CDC!B91) -> 2 | J91: =SUMIFS(IMPORT!$R$2:$R$94,IMPORT!$K$2:$K$94,CDC!B91) -> 120 | K91: =SUMIFS(IMPORT!$O$2:$O$94,IMPORT!$K$2:$K$94,CDC!B91) -> 1 | L91: =E91-I91 -> 33 | M91: =L91/E91 -> 0.94285714 | N91: =IF(M91<50%,"CHECK","OK") -> OK | O91: I-86
A92: =A91+1 -> 87 | B92: PUSH BAR | C92: New | D92: SET | E92: 0 | F92: 50 | G92: =F92*E92 -> 0 | H92: N/A | I92: =SUMIFS(IMPORT!$M$2:$M$94,IMPORT!$K$2:$K$94,CDC!B92) -> 0 | J92: =SUMIFS(IMPORT!$R$2:$R$94,IMPORT!$K$2:$K$94,CDC!B92) -> 0 | K92: =SUMIFS(IMPORT!$O$2:$O$94,IMPORT!$K$2:$K$94,CDC!B92) -> 0 | L92: =E92-I92 -> 0 | M92: 0 | N92: =IF(M92<50%,"CHECK","OK") -> CHECK | O92: I-87
A93: =A92+1 -> 88 | B93: PUSH BAR LOCK | C93: New | D93: SET | E93: 0 | F93: 40 | G93: =F93*E93 -> 0 | H93: N/A | I93: =SUMIFS(IMPORT!$M$2:$M$94,IMPORT!$K$2:$K$94,CDC!B93) -> 0 | J93: =SUMIFS(IMPORT!$R$2:$R$94,IMPORT!$K$2:$K$94,CDC!B93) -> 0 | K93: =SUMIFS(IMPORT!$O$2:$O$94,IMPORT!$K$2:$K$94,CDC!B93) -> 0 | L93: =E93-I93 -> 0 | M93: 0 | N93: =IF(M93<50%,"CHECK","OK") -> CHECK | O93: I-88
A94: =A93+1 -> 89 | B94: DOOR CLOSURE | C94: New | D94: SET | E94: 0 | F94: 15 | G94: =F94*E94 -> 0 | H94: N/A | I94: =SUMIFS(IMPORT!$M$2:$M$94,IMPORT!$K$2:$K$94,CDC!B94) -> 0 | J94: =SUMIFS(IMPORT!$R$2:$R$94,IMPORT!$K$2:$K$94,CDC!B94) -> 0 | K94: =SUMIFS(IMPORT!$O$2:$O$94,IMPORT!$K$2:$K$94,CDC!B94) -> 0 | L94: =E94-I94 -> 0 | M94: 0 | N94: =IF(M94<50%,"CHECK","OK") -> CHECK | O94: I-89
A95: =A94+1 -> 90 | B95: MOSQUITO KILLER TUBE | C95: New | D95: SET | E95: 70 | F95: 3 | G95: =F95*E95 -> 210 | H95: N/A | I95: =SUMIFS(IMPORT!$M$2:$M$94,IMPORT!$K$2:$K$94,CDC!B95) -> 0 | J95: =SUMIFS(IMPORT!$R$2:$R$94,IMPORT!$K$2:$K$94,CDC!B95) -> 0 | K95: =SUMIFS(IMPORT!$O$2:$O$94,IMPORT!$K$2:$K$94,CDC!B95) -> 0 | L95: =E95-I95 -> 70 | M95: =L95/E95 -> 1 | N95: =IF(M95<50%,"CHECK","OK") -> OK | O95: I-90
A96: =A95+1 -> 91 | B96: MOSQUITO KILLER LAMP STARTER | C96: New | D96: SET | E96: 50 | F96: 1 | G96: =F96*E96 -> 50 | H96: N/A | I96: =SUMIFS(IMPORT!$M$2:$M$94,IMPORT!$K$2:$K$94,CDC!B96) -> 0 | J96: =SUMIFS(IMPORT!$R$2:$R$94,IMPORT!$K$2:$K$94,CDC!B96) -> 0 | K96: =SUMIFS(IMPORT!$O$2:$O$94,IMPORT!$K$2:$K$94,CDC!B96) -> 0 | L96: =E96-I96 -> 50 | M96: =L96/E96 -> 1 | N96: =IF(M96<50%,"CHECK","OK") -> OK | O96: I-91
A97: =A96+1 -> 92 | B97: FAUCET | C97: New | D97: SET | E97: 0 | F97: 5 | G97: =F97*E97 -> 0 | H97: N/A | I97: =SUMIFS(IMPORT!$M$2:$M$94,IMPORT!$K$2:$K$94,CDC!B97) -> 0 | J97: =SUMIFS(IMPORT!$R$2:$R$94,IMPORT!$K$2:$K$94,CDC!B97) -> 0 | K97: =SUMIFS(IMPORT!$O$2:$O$94,IMPORT!$K$2:$K$94,CDC!B97) -> 0 | L97: =E97-I97 -> 0 | M97: 0 | N97: =IF(M97<50%,"CHECK","OK") -> CHECK | O97: I-92
A98: =A97+1 -> 93 | B98: ELECTRICAL TAPE | C98: New | D98: SET | E98: 0 | F98: 0.5 | G98: =F98*E98 -> 0 | H98: N/A | I98: =SUMIFS(IMPORT!$M$2:$M$94,IMPORT!$K$2:$K$94,CDC!B98) -> 0 | J98: =SUMIFS(IMPORT!$R$2:$R$94,IMPORT!$K$2:$K$94,CDC!B98) -> 0 | K98: =SUMIFS(IMPORT!$O$2:$O$94,IMPORT!$K$2:$K$94,CDC!B98) -> 0 | L98: =E98-I98 -> 0 | M98: 0 | N98: =IF(M98<50%,"CHECK","OK") -> CHECK | O98: I-93
A99: =A98+1 -> 94 | B99: CABLE TIE | C99: New | D99: SET | E99: 0 | F99: 1 | G99: =F99*E99 -> 0 | H99: N/A | I99: =SUMIFS(IMPORT!$M$2:$M$94,IMPORT!$K$2:$K$94,CDC!B99) -> 0 | J99: =SUMIFS(IMPORT!$R$2:$R$94,IMPORT!$K$2:$K$94,CDC!B99) -> 0 | K99: =SUMIFS(IMPORT!$O$2:$O$94,IMPORT!$K$2:$K$94,CDC!B99) -> 0 | L99: =E99-I99 -> 0 | M99: 0 | N99: =IF(M99<50%,"CHECK","OK") -> CHECK | O99: I-94
A100: =A99+1 -> 95 | B100: DUMMY | C100: New | D100: SET | E100: 5 | F100: 2000 | G100: =F100*E100 -> 10000 | H100: N/A | I100: =SUMIFS(IMPORT!$M$2:$M$94,IMPORT!$K$2:$K$94,CDC!B100) -> 0 | J100: =SUMIFS(IMPORT!$R$2:$R$94,IMPORT!$K$2:$K$94,CDC!B100) -> 0 | K100: =SUMIFS(IMPORT!$O$2:$O$94,IMPORT!$K$2:$K$94,CDC!B100) -> 0 | L100: =E100-I100 -> 5 | M100: =L100/E100 -> 1 | N100: =IF(M100<50%,"CHECK","OK") -> OK | O100: I-95
A101: =A100+1 -> 96 | B101: INSPECTION TABLE | C101: New | D101: SET | E101: 60 | F101: 80 | G101: =F101*E101 -> 4800 | H101: N/A | I101: =SUMIFS(IMPORT!$M$2:$M$94,IMPORT!$K$2:$K$94,CDC!B101) -> 40 | J101: =SUMIFS(IMPORT!$R$2:$R$94,IMPORT!$K$2:$K$94,CDC!B101) -> 3200 | K101: =SUMIFS(IMPORT!$O$2:$O$94,IMPORT!$K$2:$K$94,CDC!B101) -> 1973.7 | L101: =E101-I101 -> 20 | M101: =L101/E101 -> 0.33333333 | N101: =IF(M101<50%,"CHECK","OK") -> CHECK | O101: I-96
A102: =A101+1 -> 97 | B102: PACKING TABLE | C102: New | D102: SET | E102: 60 | F102: 85 | G102: =F102*E102 -> 5100 | H102: N/A | I102: =SUMIFS(IMPORT!$M$2:$M$94,IMPORT!$K$2:$K$94,CDC!B102) -> 0 | J102: =SUMIFS(IMPORT!$R$2:$R$94,IMPORT!$K$2:$K$94,CDC!B102) -> 0 | K102: =SUMIFS(IMPORT!$O$2:$O$94,IMPORT!$K$2:$K$94,CDC!B102) -> 0 | L102: =E102-I102 -> 60 | M102: =L102/E102 -> 1 | N102: =IF(M102<50%,"CHECK","OK") -> OK | O102: I-97
A103: =A102+1 -> 98 | B103: TROLLEY | C103: New | D103: SET | E103: 200 | F103: 110 | G103: =F103*E103 -> 22000 | H103: N/A | I103: =SUMIFS(IMPORT!$M$2:$M$94,IMPORT!$K$2:$K$94,CDC!B103) -> 18 | J103: =SUMIFS(IMPORT!$R$2:$R$94,IMPORT!$K$2:$K$94,CDC!B103) -> 1980 | K103: =SUMIFS(IMPORT!$O$2:$O$94,IMPORT!$K$2:$K$94,CDC!B103) -> 580 | L103: =E103-I103 -> 182 | M103: =L103/E103 -> 0.91 | N103: =IF(M103<50%,"CHECK","OK") -> OK | O103: I-98
A104: =A103+1 -> 99 | B104: PRODUCTION WATER TROUGH | C104: New | D104: SET | E104: 6 | F104: 3000 | G104: =F104*E104 -> 18000 | H104: N/A | I104: =SUMIFS(IMPORT!$M$2:$M$94,IMPORT!$K$2:$K$94,CDC!B104) -> 0 | J104: =SUMIFS(IMPORT!$R$2:$R$94,IMPORT!$K$2:$K$94,CDC!B104) -> 0 | K104: =SUMIFS(IMPORT!$O$2:$O$94,IMPORT!$K$2:$K$94,CDC!B104) -> 0 | L104: =E104-I104 -> 6 | M104: =L104/E104 -> 1 | N104: =IF(M104<50%,"CHECK","OK") -> OK | O104: I-99
A105: =A104+1 -> 100 | B105: LOOSE CLOTH RACK | C105: New | D105: SET | E105: 50 | F105: 240 | G105: =F105*E105 -> 12000 | H105: N/A | I105: =SUMIFS(IMPORT!$M$2:$M$94,IMPORT!$K$2:$K$94,CDC!B105) -> 5 | J105: =SUMIFS(IMPORT!$R$2:$R$94,IMPORT!$K$2:$K$94,CDC!B105) -> 1200 | K105: =SUMIFS(IMPORT!$O$2:$O$94,IMPORT!$K$2:$K$94,CDC!B105) -> 0.57 | L105: =E105-I105 -> 45 | M105: =L105/E105 -> 0.9 | N105: =IF(M105<50%,"CHECK","OK") -> OK | O105: I-100
A106: =A105+1 -> 101 | B106: DEHUMIDIFICATION RACK | C106: New | D106: SET | E106: 100 | F106: 110 | G106: =F106*E106 -> 11000 | H106: N/A | I106: =SUMIFS(IMPORT!$M$2:$M$94,IMPORT!$K$2:$K$94,CDC!B106) -> 0 | J106: =SUMIFS(IMPORT!$R$2:$R$94,IMPORT!$K$2:$K$94,CDC!B106) -> 0 | K106: =SUMIFS(IMPORT!$O$2:$O$94,IMPORT!$K$2:$K$94,CDC!B106) -> 0 | L106: =E106-I106 -> 100 | M106: =L106/E106 -> 1 | N106: =IF(M106<50%,"CHECK","OK") -> OK | O106: I-101
A107: =A106+1 -> 102 | B107: PVC TEMPLATE | C107: New | D107: MTK | E107: 2000 | F107: 8 | G107: =F107*E107 -> 16000 | H107: N/A | I107: =SUMIFS(IMPORT!$M$2:$M$94,IMPORT!$K$2:$K$94,CDC!B107) -> 0 | J107: =SUMIFS(IMPORT!$R$2:$R$94,IMPORT!$K$2:$K$94,CDC!B107) -> 0 | K107: =SUMIFS(IMPORT!$O$2:$O$94,IMPORT!$K$2:$K$94,CDC!B107) -> 0 | L107: =E107-I107 -> 2000 | M107: =L107/E107 -> 1 | N107: =IF(M107<50%,"CHECK","OK") -> OK | O107: I-102
A108: =A107+1 -> 103 | B108: SEWING SITTING CHAIRS | C108: New | D108: SET | E108: 500 | F108: 10 | G108: =F108*E108 -> 5000 | H108: N/A | I108: =SUMIFS(IMPORT!$M$2:$M$94,IMPORT!$K$2:$K$94,CDC!B108) -> 212 | J108: =SUMIFS(IMPORT!$R$2:$R$94,IMPORT!$K$2:$K$94,CDC!B108) -> 2120 | K108: =SUMIFS(IMPORT!$O$2:$O$94,IMPORT!$K$2:$K$94,CDC!B108) -> 172.8 | L108: =E108-I108 -> 288 | M108: =L108/E108 -> 0.576 | N108: =IF(M108<50%,"CHECK","OK") -> OK | O108: I-103
A109: =A108+1 -> 104 | B109: THREAD SUCKING MACHINE | C109: New | D109: SET | E109: 5 | F109: 800 | G109: =F109*E109 -> 4000 | H109: N/A | I109: =SUMIFS(IMPORT!$M$2:$M$94,IMPORT!$K$2:$K$94,CDC!B109) -> 0 | J109: =SUMIFS(IMPORT!$R$2:$R$94,IMPORT!$K$2:$K$94,CDC!B109) -> 0 | K109: =SUMIFS(IMPORT!$O$2:$O$94,IMPORT!$K$2:$K$94,CDC!B109) -> 0 | L109: =E109-I109 -> 5 | M109: =L109/E109 -> 1 | N109: =IF(M109<50%,"CHECK","OK") -> OK | O109: I-104
A110: =A109+1 -> 105 | B110: ASSEMBLED ISOLATION NET | C110: New | D110: MTR | E110: 500 | F110: 12 | G110: =F110*E110 -> 6000 | H110: N/A | I110: =SUMIFS(IMPORT!$M$2:$M$94,IMPORT!$K$2:$K$94,CDC!B110) -> 0 | J110: =SUMIFS(IMPORT!$R$2:$R$94,IMPORT!$K$2:$K$94,CDC!B110) -> 0 | K110: =SUMIFS(IMPORT!$O$2:$O$94,IMPORT!$K$2:$K$94,CDC!B110) -> 0 | L110: =E110-I110 -> 500 | M110: =L110/E110 -> 1 | N110: =IF(M110<50%,"CHECK","OK") -> OK | O110: I-105
A111: =A110+1 -> 106 | B111: STACKING RACK | C111: New | D111: SET | E111: 200 | F111: 120 | G111: =F111*E111 -> 24000 | H111: N/A | I111: =SUMIFS(IMPORT!$M$2:$M$94,IMPORT!$K$2:$K$94,CDC!B111) -> 0 | J111: =SUMIFS(IMPORT!$R$2:$R$94,IMPORT!$K$2:$K$94,CDC!B111) -> 0 | K111: =SUMIFS(IMPORT!$O$2:$O$94,IMPORT!$K$2:$K$94,CDC!B111) -> 0 | L111: =E111-I111 -> 200 | M111: =L111/E111 -> 1 | N111: =IF(M111<50%,"CHECK","OK") -> OK | O111: I-106
... A113: =A112+1 -> 108 | B113: SWITCH BOX | C113: New | D113: SET | E113: 200 | F113: 8 | G113: =F113*E113 -> 1600 | H113: N/A | I113: =SUMIFS(IMPORT!$M$2:$M$94,IMPORT!$K$2:$K$94,CDC!B113) -> 0 | J113: =SUMIFS(IMPORT!$R$2:$R$94,IMPORT!$K$2:$K$94,CDC!B113) -> 0 | K113: =SUMIFS(IMPORT!$O$2:$O$94,IMPORT!$K$2:$K$94,CDC!B113) -> 0 | L113: =E113-I113 -> 200 | M113: =L113/E113 -> 1 | N113: =IF(M113<50%,"CHECK","OK") -> OK | O113: I-108
A114: =A113+1 -> 109 | B114: GALVANIZED PIPE | C114: New | D114: MTR | E114: 0 | F114: 12 | G114: =F114*E114 -> 0 | H114: N/A | I114: =SUMIFS(IMPORT!$M$2:$M$94,IMPORT!$K$2:$K$94,CDC!B114) -> 0 | J114: =SUMIFS(IMPORT!$R$2:$R$94,IMPORT!$K$2:$K$94,CDC!B114) -> 0 | K114: =SUMIFS(IMPORT!$O$2:$O$94,IMPORT!$K$2:$K$94,CDC!B114) -> 0 | L114: =E114-I114 -> 0 | M114: 0 | N114: =IF(M114<50%,"CHECK","OK") -> CHECK | O114: I-109
A115: =A114+1 -> 110 | B115: PLASTIC PIPE | C115: New | D115: MTR | E115: 0 | F115: 5 | G115: =F115*E115 -> 0 | H115: N/A | I115: =SUMIFS(IMPORT!$M$2:$M$94,IMPORT!$K$2:$K$94,CDC!B115) -> 0 | J115: =SUMIFS(IMPORT!$R$2:$R$94,IMPORT!$K$2:$K$94,CDC!B115) -> 0 | K115: =SUMIFS(IMPORT!$O$2:$O$94,IMPORT!$K$2:$K$94,CDC!B115) -> 0 | L115: =E115-I115 -> 0 | M115: 0 | N115: =IF(M115<50%,"CHECK","OK") -> CHECK | O115: I-110
A116: =A115+1 -> 111 | B116: WATER TANK | C116: New | D116: SET | E116: 5 | F116: 500 | G116: =F116*E116 -> 2500 | H116: N/A | I116: =SUMIFS(IMPORT!$M$2:$M$94,IMPORT!$K$2:$K$94,CDC!B116) -> 0 | J116: =SUMIFS(IMPORT!$R$2:$R$94,IMPORT!$K$2:$K$94,CDC!B116) -> 0 | K116: =SUMIFS(IMPORT!$O$2:$O$94,IMPORT!$K$2:$K$94,CDC!B116) -> 0 | L116: =E116-I116 -> 5 | M116: =L116/E116 -> 1 | N116: =IF(M116<50%,"CHECK","OK") -> OK | O116: I-111
A117: =A116+1 -> 112 | B117: GALVANIZED BRIDGE FRAME | C117: New | D117: MTR | E117: 0 | F117: 8 | G117: =F117*E117 -> 0 | H117: N/A | I117: =SUMIFS(IMPORT!$M$2:$M$94,IMPORT!$K$2:$K$94,CDC!B117) -> 0 | J117: =SUMIFS(IMPORT!$R$2:$R$94,IMPORT!$K$2:$K$94,CDC!B117) -> 0 | K117: =SUMIFS(IMPORT!$O$2:$O$94,IMPORT!$K$2:$K$94,CDC!B117) -> 0 | L117: =E117-I117 -> 0 | M117: 0 | N117: =IF(M117<50%,"CHECK","OK") -> CHECK | O117: I-112
A118: =A117+1 -> 113 | B118: PLASTIC WIRE TROUGH | C118: New | D118: MTR | E118: 0 | F118: 1 | G118: =F118*E118 -> 0 | H118: N/A | I118: =SUMIFS(IMPORT!$M$2:$M$94,IMPORT!$K$2:$K$94,CDC!B118) -> 0 | J118: =SUMIFS(IMPORT!$R$2:$R$94,IMPORT!$K$2:$K$94,CDC!B118) -> 0 | K118: =SUMIFS(IMPORT!$O$2:$O$94,IMPORT!$K$2:$K$94,CDC!B118) -> 0 | L118: =E118-I118 -> 0 | M118: 0 | N118: =IF(M118<50%,"CHECK","OK") -> CHECK | O118: I-113
A119: =A118+1 -> 114 | B119: GALVANIZED SQUARE PIPE | C119: New | D119: MTR | E119: 0 | F119: 5 | G119: =F119*E119 -> 0 | H119: N/A | I119: =SUMIFS(IMPORT!$M$2:$M$94,IMPORT!$K$2:$K$94,CDC!B119) -> 0 | J119: =SUMIFS(IMPORT!$R$2:$R$94,IMPORT!$K$2:$K$94,CDC!B119) -> 0 | K119: =SUMIFS(IMPORT!$O$2:$O$94,IMPORT!$K$2:$K$94,CDC!B119) -> 0 | L119: =E119-I119 -> 0 | M119: 0 | N119: =IF(M119<50%,"CHECK","OK") -> CHECK | O119: I-114
A120: =A119+1 -> 115 | B120: FLAT LIGHTING | C120: New | D120: SET | E120: 0 | F120: 13 | G120: =F120*E120 -> 0 | H120: N/A | I120: =SUMIFS(IMPORT!$M$2:$M$94,IMPORT!$K$2:$K$94,CDC!B120) -> 0 | J120: =SUMIFS(IMPORT!$R$2:$R$94,IMPORT!$K$2:$K$94,CDC!B120) -> 0 | K120: =SUMIFS(IMPORT!$O$2:$O$94,IMPORT!$K$2:$K$94,CDC!B120) -> 0 | L120: =E120-I120 -> 0 | M120: 0 | N120: =IF(M120<50%,"CHECK","OK") -> CHECK | O120: I-115
A121: =A120+1 -> 116 | B121: STEEL BAR | C121: New | D121: MTR | E121: 0 | F121: 3 | G121: =F121*E121 -> 0 | H121: N/A | I121: =SUMIFS(IMPORT!$M$2:$M$94,IMPORT!$K$2:$K$94,CDC!B121) -> 0 | J121: =SUMIFS(IMPORT!$R$2:$R$94,IMPORT!$K$2:$K$94,CDC!B121) -> 0 | K121: =SUMIFS(IMPORT!$O$2:$O$94,IMPORT!$K$2:$K$94,CDC!B121) -> 0 | L121: =E121-I121 -> 0 | M121: 0 | N121: =IF(M121<50%,"CHECK","OK") -> CHECK | O121: I-116
A122: =A121+1 -> 117 | B122: GLASS DOOR | C122: New | D122: SET | E122: 0 | F122: 350 | G122: =F122*E122 -> 0 | H122: N/A | I122: =SUMIFS(IMPORT!$M$2:$M$94,IMPORT!$K$2:$K$94,CDC!B122) -> 0 | J122: =SUMIFS(IMPORT!$R$2:$R$94,IMPORT!$K$2:$K$94,CDC!B122) -> 0 | K122: =SUMIFS(IMPORT!$O$2:$O$94,IMPORT!$K$2:$K$94,CDC!B122) -> 0 | L122: =E122-I122 -> 0 | M122: 0 | N122: =IF(M122<50%,"CHECK","OK") -> CHECK | O122: I-117
A123: =A122+1 -> 118 | B123: GLASS WINDOW | C123: New | D123: SET | E123: 0 | F123: 120 | G123: =F123*E123 -> 0 | H123: N/A | I123: =SUMIFS(IMPORT!$M$2:$M$94,IMPORT!$K$2:$K$94,CDC!B123) -> 0 | J123: =SUMIFS(IMPORT!$R$2:$R$94,IMPORT!$K$2:$K$94,CDC!B123) -> 0 | K123: =SUMIFS(IMPORT!$O$2:$O$94,IMPORT!$K$2:$K$94,CDC!B123) -> 0 | L123: =E123-I123 -> 0 | M123: 0 | N123: =IF(M123<50%,"CHECK","OK") -> CHECK | O123: I-118
A124: =A123+1 -> 119 | B124: ALUMINUM TUBE | C124: New | D124: MTR | E124: 0 | F124: 12 | G124: =F124*E124 -> 0 | H124: N/A | I124: =SUMIFS(IMPORT!$M$2:$M$94,IMPORT!$K$2:$K$94,CDC!B124) -> 0 | J124: =SUMIFS(IMPORT!$R$2:$R$94,IMPORT!$K$2:$K$94,CDC!B124) -> 0 | K124: =SUMIFS(IMPORT!$O$2:$O$94,IMPORT!$K$2:$K$94,CDC!B124) -> 0 | L124: =E124-I124 -> 0 | M124: 0 | N124: =IF(M124<50%,"CHECK","OK") -> CHECK | O124: I-119
A125: =A124+1 -> 120 | B125: TEMPERED GLASS | C125: New | D125: MTK | E125: 0 | F125: 35 | G125: =F125*E125 -> 0 | H125: N/A | I125: =SUMIFS(IMPORT!$M$2:$M$94,IMPORT!$K$2:$K$94,CDC!B125) -> 0 | J125: =SUMIFS(IMPORT!$R$2:$R$94,IMPORT!$K$2:$K$94,CDC!B125) -> 0 | K125: =SUMIFS(IMPORT!$O$2:$O$94,IMPORT!$K$2:$K$94,CDC!B125) -> 0 | L125: =E125-I125 -> 0 | M125: 0 | N125: =IF(M125<50%,"CHECK","OK") -> CHECK | O125: I-120
A126: =A125+1 -> 121 | B126: GYPSUM BOARD | C126: New | D126: MTK | E126: 0 | F126: 5 | G126: =F126*E126 -> 0 | H126: N/A | I126: =SUMIFS(IMPORT!$M$2:$M$94,IMPORT!$K$2:$K$94,CDC!B126) -> 0 | J126: =SUMIFS(IMPORT!$R$2:$R$94,IMPORT!$K$2:$K$94,CDC!B126) -> 0 | K126: =SUMIFS(IMPORT!$O$2:$O$94,IMPORT!$K$2:$K$94,CDC!B126) -> 0 | L126: =E126-I126 -> 0 | M126: 0 | N126: =IF(M126<50%,"CHECK","OK") -> CHECK | O126: I-121
A127: =A126+1 -> 122 | B127: PLASTIC FRAME | C127: New | D127: SET | E127: 100 | F127: 20 | G127: =F127*E127 -> 2000 | H127: N/A | I127: =SUMIFS(IMPORT!$M$2:$M$94,IMPORT!$K$2:$K$94,CDC!B127) -> 20 | J127: =SUMIFS(IMPORT!$R$2:$R$94,IMPORT!$K$2:$K$94,CDC!B127) -> 400 | K127: =SUMIFS(IMPORT!$O$2:$O$94,IMPORT!$K$2:$K$94,CDC!B127) -> 25 | L127: =E127-I127 -> 80 | M127: =L127/E127 -> 0.8 | N127: =IF(M127<50%,"CHECK","OK") -> OK | O127: I-122
A128: =A127+1 -> 123 | B128: BARCODE PRINTER MACHINE | C128: New | D128: SET | E128: 3 | F128: 1000 | G128: =F128*E128 -> 3000 | H128: N/A | I128: =SUMIFS(IMPORT!$M$2:$M$94,IMPORT!$K$2:$K$94,CDC!B128) -> 0 | J128: =SUMIFS(IMPORT!$R$2:$R$94,IMPORT!$K$2:$K$94,CDC!B128) -> 0 | K128: =SUMIFS(IMPORT!$O$2:$O$94,IMPORT!$K$2:$K$94,CDC!B128) -> 0 | L128: =E128-I128 -> 3 | M128: =L128/E128 -> 1 | N128: =IF(M128<50%,"CHECK","OK") -> OK | O128: I-123
I129: =SUM(I6:I128) -> 501
A130: II. RAW MATERIAL | I130: =SUMIFS(IMPORT!$M$2:$M$94,IMPORT!$K$2:$K$94,CDC!B130) -> 0 | J130: =SUMIFS(IMPORT!$R$2:$R$94,IMPORT!$K$2:$K$94,CDC!B130) -> 0 | K130: =SUMIFS(IMPORT!$O$2:$O$94,IMPORT!$K$2:$K$94,CDC!B130) -> 0 | L130: =E130-I130 -> 0
A131: =A128+1 -> 124 | B131: WOVEN FABRIC | D131: MTR | E131: 900000 | F131: 1.8 | G131: =F131*E131 -> 1620000 | H131: N/A | I131: =SUMIFS(IMPORT!$M$2:$M$94,IMPORT!$K$2:$K$94,CDC!B131) -> 235127 | J131: =SUMIFS(IMPORT!$R$2:$R$94,IMPORT!$K$2:$K$94,CDC!B131) -> 398495 | K131: =SUMIFS(IMPORT!$O$2:$O$94,IMPORT!$K$2:$K$94,CDC!B131) -> 71264.6 | L131: =E131-I131 -> 664873 | M131: =L131/E131 -> 0.73874778 | N131: =IF(M131<50%,"CHECK","OK") -> OK | O131: II-124
A132: =A131+2 -> 126 | B132: KNITTED FABRIC | D132: MTR | E132: 900000 | F132: 1 | G132: =F132*E132 -> 900000 | H132: N/A | I132: =SUMIFS(IMPORT!$M$2:$M$94,IMPORT!$K$2:$K$94,CDC!B132) -> 712385.4 | J132: =SUMIFS(IMPORT!$R$2:$R$94,IMPORT!$K$2:$K$94,CDC!B132) -> 712385.4 | K132: =SUMIFS(IMPORT!$O$2:$O$94,IMPORT!$K$2:$K$94,CDC!B132) -> 331048.8 | L132: =E132-I132 -> 187614.6 | M132: =L132/E132 -> 0.20846067 | N132: =IF(M132<50%,"CHECK","OK") -> CHECK | O132: II-125
A133: III. ACCESSORY | I133: =SUMIFS(IMPORT!$M$2:$M$94,IMPORT!$K$2:$K$94,CDC!B133) -> 0 | J133: =SUMIFS(IMPORT!$R$2:$R$94,IMPORT!$K$2:$K$94,CDC!B133) -> 0 | K133: =SUMIFS(IMPORT!$O$2:$O$94,IMPORT!$K$2:$K$94,CDC!B133) -> 0 | L133: =E133-I133 -> 0
A134: 126 | B134: NON-WOVEN FABRIC | D134: KGM | E134: 1500000 | F134: 4 | G134: =F134*E134 -> 6000000 | H134: N/A | I134: =SUMIFS(IMPORT!$M$2:$M$94,IMPORT!$K$2:$K$94,CDC!B134) -> 0 | J134: =SUMIFS(IMPORT!$R$2:$R$94,IMPORT!$K$2:$K$94,CDC!B134) -> 0 | K134: =SUMIFS(IMPORT!$O$2:$O$94,IMPORT!$K$2:$K$94,CDC!B134) -> 0 | L134: =E134-I134 -> 1500000 | M134: =L134/E134 -> 1 | N134: =IF(M134<50%,"CHECK","OK") -> OK | O134: III-126
A135: 127 | B135: KNITTED RIB | D135: KGM | E135: 374000 | F135: 2 | G135: =F135*E135 -> 748000 | H135: N/A | I135: =SUMIFS(IMPORT!$M$2:$M$94,IMPORT!$K$2:$K$94,CDC!B135) -> 0 | J135: =SUMIFS(IMPORT!$R$2:$R$94,IMPORT!$K$2:$K$94,CDC!B135) -> 0 | K135: =SUMIFS(IMPORT!$O$2:$O$94,IMPORT!$K$2:$K$94,CDC!B135) -> 0 | L135: =E135-I135 -> 374000 | M135: =L135/E135 -> 1 | N135: =IF(M135<50%,"CHECK","OK") -> OK | O135: III-127
A136: 128 | B136: LINING FABRIC | D136: KGM | E136: 234000 | F136: 3 | G136: =F136*E136 -> 702000 | H136: N/A | I136: =SUMIFS(IMPORT!$M$2:$M$94,IMPORT!$K$2:$K$94,CDC!B136) -> 0 | J136: =SUMIFS(IMPORT!$R$2:$R$94,IMPORT!$K$2:$K$94,CDC!B136) -> 0 | K136: =SUMIFS(IMPORT!$O$2:$O$94,IMPORT!$K$2:$K$94,CDC!B136) -> 0 | L136: =E136-I136 -> 234000 | M136: =L136/E136 -> 1 | N136: =IF(M136<50%,"CHECK","OK") -> OK | O136: III-128
A137: 129 | B137: YOKE | D137: DZN | E137: 334000 | F137: 2 | G137: =F137*E137 -> 668000 | H137: N/A | I137: =SUMIFS(IMPORT!$M$2:$M$94,IMPORT!$K$2:$K$94,CDC!B137) -> 0 | J137: =SUMIFS(IMPORT!$R$2:$R$94,IMPORT!$K$2:$K$94,CDC!B137) -> 0 | K137: =SUMIFS(IMPORT!$O$2:$O$94,IMPORT!$K$2:$K$94,CDC!B137) -> 0 | L137: =E137-I137 -> 334000 | M137: =L137/E137 -> 1 | N137: =IF(M137<50%,"CHECK","OK") -> OK | O137: III-129
A138: 130 | B138: INTERLINING | D138: MTR | E138: 1000000 | F138: 0.2 | G138: =F138*E138 -> 200000 | H138: N/A | I138: =SUMIFS(IMPORT!$M$2:$M$94,IMPORT!$K$2:$K$94,CDC!B138) -> 5985 | J138: =SUMIFS(IMPORT!$R$2:$R$94,IMPORT!$K$2:$K$94,CDC!B138) -> 1197 | K138: =SUMIFS(IMPORT!$O$2:$O$94,IMPORT!$K$2:$K$94,CDC!B138) -> 1142.75 | L138: =E138-I138 -> 994015 | M138: =L138/E138 -> 0.994015 | N138: =IF(M138<50%,"CHECK","OK") -> OK | O138: III-130
A139: 131 | B139: PU FABRIC | D139: MTR | E139: 14000 | F139: 3 | G139: =F139*E139 -> 42000 | H139: N/A | I139: =SUMIFS(IMPORT!$M$2:$M$94,IMPORT!$K$2:$K$94,CDC!B139) -> 0 | J139: =SUMIFS(IMPORT!$R$2:$R$94,IMPORT!$K$2:$K$94,CDC!B139) -> 0 | K139: =SUMIFS(IMPORT!$O$2:$O$94,IMPORT!$K$2:$K$94,CDC!B139) -> 0 | L139: =E139-I139 -> 14000 | M139: =L139/E139 -> 1 | N139: =IF(M139<50%,"CHECK","OK") -> OK | O139: III-131
A140: 132 | B140: NYLON THREAD | D140: UNT | E140: 300000 | F140: 0.45 | G140: =F140*E140 -> 135000 | H140: 1UNIT=100~10000 M | I140: =SUMIFS(IMPORT!$M$2:$M$94,IMPORT!$K$2:$K$94,CDC!B140) -> 0 | J140: =SUMIFS(IMPORT!$R$2:$R$94,IMPORT!$K$2:$K$94,CDC!B140) -> 0 | K140: =SUMIFS(IMPORT!$O$2:$O$94,IMPORT!$K$2:$K$94,CDC!B140) -> 0 | L140: =E140-I140 -> 300000 | M140: =L140/E140 -> 1 | N140: =IF(M140<50%,"CHECK","OK") -> OK | O140: III-132
A141: 133 | B141: COTTON THREAD | D141: UNT | E141: 134000 | F141: 0.45 | G141: =F141*E141 -> 60300 | H141: 1UNIT=100~10000 M | I141: =SUMIFS(IMPORT!$M$2:$M$94,IMPORT!$K$2:$K$94,CDC!B141) -> 0 | J141: =SUMIFS(IMPORT!$R$2:$R$94,IMPORT!$K$2:$K$94,CDC!B141) -> 0 | K141: =SUMIFS(IMPORT!$O$2:$O$94,IMPORT!$K$2:$K$94,CDC!B141) -> 0 | L141: =E141-I141 -> 134000 | M141: =L141/E141 -> 1 | N141: =IF(M141<50%,"CHECK","OK") -> OK | O141: III-133
A142: 134 | B142: POLYESTER THREAD | D142: UNT | E142: 300000 | F142: 0.45 | G142: =F142*E142 -> 135000 | H142: 1UNIT=100~10000 M | I142: =SUMIFS(IMPORT!$M$2:$M$94,IMPORT!$K$2:$K$94,CDC!B142) -> 0 | J142: =SUMIFS(IMPORT!$R$2:$R$94,IMPORT!$K$2:$K$94,CDC!B142) -> 0 | K142: =SUMIFS(IMPORT!$O$2:$O$94,IMPORT!$K$2:$K$94,CDC!B142) -> 0 | L142: =E142-I142 -> 300000 | M142: =L142/E142 -> 1 | N142: =IF(M142<50%,"CHECK","OK") -> OK | O142: III-134
A143: 135 | B143: ELASTIC THREAD | D143: UNT | E143: 50000 | F143: 0.4 | G143: =F143*E143 -> 20000 | H143: 1UNIT=100~10000 M | I143: =SUMIFS(IMPORT!$M$2:$M$94,IMPORT!$K$2:$K$94,CDC!B143) -> 0 | J143: =SUMIFS(IMPORT!$R$2:$R$94,IMPORT!$K$2:$K$94,CDC!B143) -> 0 | K143: =SUMIFS(IMPORT!$O$2:$O$94,IMPORT!$K$2:$K$94,CDC!B143) -> 0 | L143: =E143-I143 -> 50000 | M143: =L143/E143 -> 1 | N143: =IF(M143<50%,"CHECK","OK") -> OK | O143: III-135
A144: 136 | B144: EMBROIDERY THREAD | D144: UNT | E144: 9000 | F144: 0.5 | G144: =F144*E144 -> 4500 | H144: 1UNIT=100~10000 M | I144: =SUMIFS(IMPORT!$M$2:$M$94,IMPORT!$K$2:$K$94,CDC!B144) -> 0 | J144: =SUMIFS(IMPORT!$R$2:$R$94,IMPORT!$K$2:$K$94,CDC!B144) -> 0 | K144: =SUMIFS(IMPORT!$O$2:$O$94,IMPORT!$K$2:$K$94,CDC!B144) -> 0 | L144: =E144-I144 -> 9000 | M144: =L144/E144 -> 1 | N144: =IF(M144<50%,"CHECK","OK") -> OK | O144: III-136
A145: 137 | B145: NYLON ZIPPER | D145: DZN | E145: 400000 | F145: 1.8 | G145: =F145*E145 -> 720000 | H145: N/A | I145: =SUMIFS(IMPORT!$M$2:$M$94,IMPORT!$K$2:$K$94,CDC!B145) -> 0 | J145: =SUMIFS(IMPORT!$R$2:$R$94,IMPORT!$K$2:$K$94,CDC!B145) -> 0 | K145: =SUMIFS(IMPORT!$O$2:$O$94,IMPORT!$K$2:$K$94,CDC!B145) -> 0 | L145: =E145-I145 -> 400000 | M145: =L145/E145 -> 1 | N145: =IF(M145<50%,"CHECK","OK") -> OK | O145: III-137
... A203: 195 | B203: BARCODE PRINTER RIBBON | D203: DZN | E203: 8000 | F203: 10 | G203: =F203*E203 -> 80000 | H203: N/A | I203: =SUMIFS(IMPORT!$M$2:$M$94,IMPORT!$K$2:$K$94,CDC!B203) -> 0 | J203: =SUMIFS(IMPORT!$R$2:$R$94,IMPORT!$K$2:$K$94,CDC!B203) -> 0 | K203: =SUMIFS(IMPORT!$O$2:$O$94,IMPORT!$K$2:$K$94,CDC!B203) -> 0 | L203: =E203-I203 -> 8000 | M203: =L203/E203 -> 1 | N203: =IF(M203<50%,"CHECK","OK") -> OK | O203: III-195
E204: =SUM(E6:E203) -> 23651300 | F204: =SUM(F6:F203) -> 429298.81 | G204: =SUM(G6:G203) -> 17650990
