Workbook
Name _Hlk86259791: 'AUTHOR '!$A$69

Sheet INVOICE
A1: SHANGHAI YONGYUE IMP.&EXP. TRADING CO., LTD. | H1: =A1 -> SHANGHAI YONGYUE IMP.&EXP. TRADING CO., LTD.
A2: RM 5N ,NO.1590 , WEST YANAN ROAD,SHANGHAI 200052 CHINA FAX:021-52183565 TEL:021-62910630 | H2: =A2 -> RM 5N ,NO.1590 , WEST YANAN ROAD,SHANGHAI 200052 CHINA FAX:021-52183565 TEL:021-62910630
A6: INVOICE | H6: PACKING LIST
A7: NO: | B7: CNQ26044 | F7: Date: | G7: 46265 | H7: =A7 -> NO: | I7: =B7 -> CNQ26044 | K7: =F7 -> Date: | L7: =G7 -> 46265
A10: Consignee: | B10: JR APPAREL CO. ,LTD | H10: =A10 -> Consignee: | I10: =B10 -> JR APPAREL CO. ,LTD
B11: KAOH KNOR PREAEK ROKA KANDAL STUENG | I11: =B11 -> KAOH KNOR PREAEK ROKA KANDAL STUENG
B12: KANDAL PROVINCE CAMBODIA | I12: =B12 -> KANDAL PROVINCE CAMBODIA
B13: ATTN: KENDY TEL 085441621 | I13: =B13 -> ATTN: KENDY TEL 085441621
B14: VAT# L001-902501613 | E14: COUNTRY OF ORIGIN: | G14: CHINA | I14: =B14 -> VAT# L001-902501613
A16: No | B16: Description of Goods | D16: Quantity | F16: Unit Price(USD) | G16: Amount(USD) | H16: No | I16: No. of Rolls | J16: Description of Goods | K16: Net Weight (KGS) | L16: Gross Weight (KGS)
F17: CIF SIHANOUKVILLE
A19: 1 | B19: KNITTED FABRIC | C19: =VLOOKUP(B19,[1]CDC!$B:$O,14,FALSE) -> II-125 | D19: 32636.7 | E19: =VLOOKUP(B19,[1]CDC!$B:$O,3,FALSE) -> MTR | F19: =VLOOKUP(B19,[1]CDC!$B:$O,5,FALSE) -> 1 | G19: =ROUND(F19*D19,2) -> 32636.7 | H19: =A19 -> 1 | I19: 597 | J19: =B19 -> KNITTED FABRIC | K19: 17932.6 | L19: 18111.7 | M19: 1400 | N19: 140 | O19: =ROUND(N19/M19,3) -> 0.1
A20: 2 | B20: INTERLINING | C20: =VLOOKUP(B20,[1]CDC!$B:$O,14,FALSE) -> III-130 | D20: 4968.8 | E20: =VLOOKUP(B20,[1]CDC!$B:$O,3,FALSE) -> MTR | F20: =VLOOKUP(B20,[1]CDC!$B:$O,5,FALSE) -> 0.2 | G20: =ROUND(F20*D20,2) -> 993.76 | H20: =A20 -> 2 | I20: 38 | J20: =B20 -> INTERLINING | K20: 678.8 | L20: 697.8
G25: =SUM(G19:G24) -> 33630.46 | I25: =SUM(I17:I24) -> 635 | J25: Rolls | K25: =SUM(K17:K24) -> 18611.4 | L25: =SUM(L17:L24) -> 18809.5
N26: =SUM(N19:N25) -> 140
A30: CTNR: | B30: ZCSU7954124 / A4250250303 / 40'HQ
D36: =A1 -> SHANGHAI YONGYUE IMP.&EXP. TRADING CO., LTD. | K36: =D36 -> SHANGHAI YONGYUE IMP.&EXP. TRADING CO., LTD.
D39: ________________________________________________ | K39: =D39 -> ________________________________________________
A41: =COUNT(A19:A24) -> 2 | B41: ថ្ងៃអង្គារ ៤កើត ខែភទ្របទ ឆ្នាំមមី អដ្ឋស័ក ពុទ្ធសករាជ ២៥៧០
B42: រាជធានីភ្នំពេញ ថ្ងៃទី១៥ ខែកញ្ញា ឆ្នាំ២០២៦ | D42: QIP25021226-C01996
A43: B/L | B43: SHSIN6090031
A44: Date | B44: 46278 | D44: PKGS : | E44: =+I25&J25 -> 635Rolls
B45: កំពង់ផែក្រុងព្រះសីហនុ (បញ្ចេញទំនិញនៅមាត់ច្រក​ កំពង់ផែក្រុងព្រះសីហនុ)

Sheet Cover
AF1: ព្រះរាជាណាចក្រកម្ពុ​ជា
A2: ក្រុមហ៊ុន | E2: : | F2: JR APPAREL CO. ,LTD | AF2: ជាតិ​​ សាសនា ព្រះមហាក្សត្រ
A3: អាស័យដ្ឋាន | E3: : | F3: KAOH KNOR PREAEK ROKA KANDAL | AF3: eeõff
F4: STUENG KANDAL PROVINCE CAMBODIA
F5: VAT: L001-902501613 | AB5: =INVOICE!B41 -> ថ្ងៃអង្គារ ៤កើត ខែភទ្របទ ឆ្នាំមមី អដ្ឋស័ក ពុទ្ធសករាជ ២៥៧០
AD6: =INVOICE!B42 -> រាជធានីភ្នំពេញ ថ្ងៃទី១៥ ខែកញ្ញា ឆ្នាំ២០២៦
A9: សូមគោរពជូន
A10: ឯកឧត្តម​​​​រដ្ឋមន្រ្តីប្រតិភូអមនាយករដ្ឋមន្រ្តី
A11: អគ្គនាយក​នៃអគ្គនាយកដ្ឋានគយ និងរដ្ឋាករកម្ពុជា
A12: កម្មវត្ថុ | C12: : | D12: សំណើសុំលិខិតអនុញ្ញាតតិនាំចូលនូវវត្ថុធាតុដើម | S12: =INVOICE!A41 -> 2 | V12: ចំនួន | Y12: =INVOICE!E44 -> 635Rolls | AC12: = | AD12: =INVOICE!L25 -> 18809.5 | AK12: តំលៃUSD | AO12: =INVOICE!G25 -> 33630.46
D13: ដោយពន្ឋនិងអាករជាបន្ទុករបស់រដ្ឋតាមមាត់ច្រក | T13: =[2]INVOICE!B45 -> កំពង់ផែក្រុងព្រះសីហនុ (បញ្ចេញទំនិញនៅមាត់ច្រក​ កំពង់ផែក្រុងព្រះសីហនុ)
A14: យោង | C14: : | D14: -លិខិតលេខ 1343/26 គ.វ.ក ចុះថៃ្ងទី 21-05-2026 ពន្យារសុពលភាពលើលិខិតលេខ QIP25021226-C01996 គ.វ.ក។
D15: -ចំណារលោកប្រធាននាយកដ្ឋានរបបគយ ចុះថៃ្ងទី 22-05-2026
D16: -Invoice/Packing List | M16: No. | O16: =INVOICE!B7 -> CNQ26044 | AB16: ចុះថៃ្ងទី | AE16: =INVOICE!G7 -> 46265
D17: -Bill of Loading | M17: No. | O17: =INVOICE!B43 -> SHSIN6090031 | AB17: ចុះថៃ្ងទី | AE17: =INVOICE!B44 -> 46278
D18: តបតាមន័យកម្មវត្ថុ និង យោងខាងលើ សូមឯកឧត្តមរដ្ឋមន្រ្តីប្រតិភូ មេត្តាពិនិត្យ និង ដោះស្រាយនូវសំណើខាងលើដោយក្តីអនុគ្រោះ ។
AF22: ជ.នាយកក្រុមហ៊ុន JR APPAREL
AF23: (ហត្ថលេខា និង ឈ្មោះ )
AF24: GENERAL MANAGER
AF29: LIN LEE BI JEN
B47: CFSECAT241274199

Sheet AUTHOR 
A1: ព្រះរាជាណាចក្រកម្ពុ​ជា
A2: ជាតិ សាសនា ព្រះមហាក្សត្រ
A4: លិខិតផ្ទេរសិទ្ធិ
E6: សម្រាប់ម្ចាស់ទំនិញជូននីតិបុគ្គលជើងសាគយ þ រូបវន្តបុគ្គលជើងសាគយ ¨
C7: ខ្ញុំបាទ/នាងខ្ញុំ....LIN LEE BI JEN..... អត្តសញ្ញាណប័ណ្ណសញ្ជាតិខ្មែរ/លិខិតឆ្លងដែនលេខ 353387543
A8: ជាប្រធានក្រុមហ៊ុន þ សមាជិកក្រុមប្រឹក្សាភិបាល ¨ ផ្សេងទៀត ¨................................ នៃក្រុមហ៊ុន/សហគ្រាស/អង្គភាព
A9: JR APPAREL CO. ,LTD | H9: អត្តសញ្ញាណកម្មសារពើពន្ធ (VAT)លេខ​ L001-902501613​ ទូរស័ព្ទលេខ 077 777 469
A10: និងជាម្ចាស់ទំនិញ សូមផ្ទេរសិទ្ធិជូន​​ | J10: លោក​ þ /​ លោកស្រី ¨ | Q10: យឹម ជៀវសៀ
A11: អត្តសញ្ញាណប័ណ្ណសញ្ជាតិខ្មែរ/លិខិតឆ្លងដែនលេខ 021114299 ទូរស័ព្ទលេខ 098​​ 484 414
A12: ជាប្រធាន/អនុប្រធានក្រុមហ៊ុន/សហគ្រាស GRATEFUL SOLUTIONS (CAMBODIA) CO., LTD.
A13: មានអត្តសញ្ញាណកម្មសារពើពន្ធ​ (VAT)លេខ K008-902404873 និងមានរូបវន្តបុគ្គលជើងសាគយតំណាងលោក សៀ សុខជា
A14: អត្តសញ្ញាណប័ណ្ណសញ្ជាតិខ្មែរ/លិខិតឆ្លងដែនលេខ 020466170 (02) ទូរស័ព្ទលេខ 086 347 078
A15: ប័ណ្ណសម្គាល់ជើងសាគយលេខ CB CARD #1132 ផុតសុពលភាពថ្ងៃទី ៣១ ខែ មីនា ឆ្នាំ ២០២៨
A16: ដើម្បីបំពេញបែបបទបញ្ចេញទំនិញពីគយ សម្រាប់មួយប្រតិបត្តិការនៅ នាយកដ្ឋានរបបគយ
B17: តាមឯកសារភ្ជាប់ដូចខាងក្រោម៖
C18: 1-វិក្កយប័ត្រ(Invoice)លេខ | M18: =INVOICE!B7 -> CNQ26044 | V18: ចុះថ្ងៃទីខែឆ្នាំ | Y18: =INVOICE!G7 -> 46265
C19: 2-បញ្ជីវេចខ្ចប់(Packing List)លេខ | M19: =+M18 -> CNQ26044 | V19: ចុះថ្ងៃទីខែឆ្នាំ | Y19: =Y18 -> 46265
C20: 3-អញ្ញាតប័ណ្ណ(B/L, AWB, TWB)លេខ | M20: =INVOICE!B43 -> SHSIN6090031 | V20: ចុះថ្ងៃទីខែឆ្នាំ | Y20: =INVOICE!B44 -> 46278
C21: 4-ឯកសារគាំទ្រផ្សេងទៀត
Q23: ថៃ្ង សុក្រ ៩កើត ខែ ចេត្រ ឆ្នាំ ម្សាញ់ សប្តស័ក ព.ស ២៥៦៩
Q24: រាជធានីភ្នំពេញ ថៃ្ងទី ២៧ ខែ មីនា​ គ.ស ២០២៦
C26: ហត្ថលេខា និងត្រាអ្នកទទួលសិទ្ធ | U26: ហត្ថលេខានិងត្រាអ្នកផ្ទេរសិទ្ធិ
M32: ស្នាមមេដៃស្ដាំជើងសារគយ
D33: ឈ្មោះ | F33: យឹម ជៀវសៀ | V33: ឈ្មោះ | W33: LIN LEE BI JEN
O35: ឈ្មោះ សៀ សុខជា

Sheet ID
