Workbook

Sheet JR-IMP-1-7
A1: តារាងរបាយការណ៏នាំចូលវត្ថុធាតុដើមតាមប្រតិវេទន៏គយ
A2: ក្រុមហ៊ុន JR APPAREL CO., LTD មាន អ.ត.ប លេខ L001-902501613 សំរាប់ ខែ មករា ឆ្នាំ 2026 រហូតដល់ ខែ កក្កដា ឆ្នាំ 2026
A3: ល.រ | B3: លេខប្រតិវេតន៍គយ | C3: កាលបរិច្ឆេទ | D3: មុខទំនិញ | E3: ឯកតា | F3: បរិមាណ | G3: ទម្ងន់សុទ្ធ | H3: ទម្ងន់សរុប | I3: តម្លៃគិតពន្ធគយ
A4: No. | B4: Custosms Declaration No. | C4: Custosms Declaration Date | D4: Descripion of Goods | E4: Unit | F4: Quantity | G4: Net Weight (Kgs.) | H4: Gross Weight (Kgs.) | I4: Customs Value (USD)
A5: 1 | B5: I 14254 | C5: 46050 | D5: KNITTED FABRIC | E5: =I5/F5 -> 1 | F5: 17262 | G5: 6298.9 | H5: 6379 | I5: 17262
A6: 2 | B6: I 14254 | C6: 46050 | D6: WOVEN FABRIC | E6: =I6/F6 -> 1.8 | F6: 50625.4 | G6: 12927.4 | H6: 13172.5 | I6: 91125.72
A7: 3 | B7: I 14254 | C7: 46050 | D7: HANGER | E7: =I7/F7 -> 1 | F7: 380 | G7: 375.4 | H7: 402.6 | I7: 380
A8: 4 | B8: I 15940 | C8: 46052 | D8: WOVEN FABRIC | E8: =I8/F8 -> 1.8 | F8: 28887.4 | G8: 7934.8 | H8: 8022.1 | I8: 51997.32
A9: 5 | B9: I 21065 | C9: 46062 | D9: KNITTED FABRIC | E9: =I9/F9 -> 1 | F9: 41469.8 | G9: 19220.9 | H9: 19367.3 | I9: 41469.8
A10: 6 | B10: I 21065 | C10: 46062 | D10: WOVEN TAPE | E10: =I10/F10 -> 0.02 | F10: 2977 | G10: 94.3 | H10: 99.8 | I10: 59.54
A11: 7 | B11: I 27779 | C11: 46076 | D11: KNITTED FABRIC | E11: =I11/F11 -> 1 | F11: 39717.9 | G11: 23936 | H11: 24105 | I11: 39717.9
A12: 8 | B12: I 32429 | C12: 46083 | D12: KNITTED FABRIC | E12: =I12/F12 -> 1 | F12: 29217.8 | G12: 8594.9 | H12: 86999.9 | I12: 29217.8
A13: 9 | B13: I 32429 | C13: 46083 | D13: WOVEN FABRIC | E13: =I13/F13 -> 1.8 | F13: 282.5 | G13: 97.9 | H13: 99.1 | I13: 508.5
A14: 10 | B14: I 32429 | C14: 46083 | D14: WOVEN TAPE | E14: =I14/F14 -> 0.02 | F14: 4013 | G14: 110.4 | H14: 114.4 | I14: 80.26
A15: 11 | B15: I 32429 | C15: 46083 | D15: HANGER | E15: =I15/F15 -> 1 | F15: 234 | G15: 161.1 | H15: 173.4 | I15: 234
A16: 12 | B16: I 32408 | C16: 46083 | D16: WOVEN FABRIC | E16: =I16/F16 -> 1.8 | F16: 13511.9 | G16: 2147.8 | H16: 2198.7 | I16: 24321.42
A17: 13 | B17: I 32408 | C17: 46083 | D17: KNITTED FABRIC | E17: =I17/F17 -> 1 | F17: 57310.9 | G17: 18189.7 | H17: 18406.6 | I17: 57310.9
A18: =A17+1 -> 14 | B18: I 43602 | C18: 46111 | D18: KNITTED FABRIC | E18: =I18/F18 -> 1 | F18: 51525.8 | G18: 19277.7 | H18: 19489.8 | I18: 51525.8
A19: =A18+1 -> 15 | B19: I 44874 | C19: 46113 | D19: WOVEN FABRIC | E19: =I19/F19 -> 1.8 | F19: 4111.1 | G19: 1403.6 | H19: 1415.6 | I19: 7399.98
A20: =A19+1 -> 16 | B20: I 44874 | C20: 46113 | D20: KNITTED FABRIC | E20: =I20/F20 -> 1 | F20: 31890 | G20: 13949.8 | H20: 14148.3 | I20: 31890
A21: =A20+1 -> 17 | B21: I 48322 | C21: 46120 | D21: KNITTED FABRIC | E21: =I21/F21 -> 1 | F21: 20161.3 | G21: 9037.3 | H21: 9100.7 | I21: 20161.3
A22: =A21+1 -> 18 | B22: I 54125 | C22: 46133 | D22: KNITTED FABRIC | E22: =I22/F22 -> 1 | F22: 41686.3 | G22: 24819.5 | H22: 24980.3 | I22: 41686.3
A23: =A22+1 -> 19 | B23: I 54535 | C23: 46134 | D23: KNITTED FABRIC | E23: =I23/F23 -> 1 | F23: 18692.3 | G23: 9748 | H23: 9816.8 | I23: 18692.3
A24: =A23+1 -> 20 | B24: I 96707 | C24: 46205 | D24: KNITTED FABRIC | E24: =I24/F24 -> 1 | F24: 28752 | G24: 15190.6 | H24: 15385.4 | I24: 28752
A25: =A24+1 -> 21 | B25: I 96707 | C25: 46205 | D25: WOVEN LABEL | E25: =I25/F25 -> 0.05 | F25: 764 | G25: 10.7 | H25: 11 | I25: 38.2
A26: =A25+1 -> 22 | B26: I 96707 | C26: 46205 | D26: PLASTIC BUTTON | E26: =I26/F26 -> 1.5 | F26: 14 | G26: 0.9 | H26: 1 | I26: 21
A27: =A26+1 -> 23 | B27: I 96707 | C27: 46205 | D27: HANG TAG | E27: =I27/F27 -> 0.12 | F27: 450 | G27: 18.4 | H27: 19 | I27: 54
A28: =A27+1 -> 24 | B28: I 105712 | C28: 46223 | D28: KNITTED FABRIC | E28: =I28/F28 -> 1 | F28: 50616.7 | G28: 21453.1 | H28: 21634.1 | I28: 50616.7
A29: =A28+1 -> 25 | B29: I 105711 | C29: 46223 | D29: KNITTED FABRIC | E29: =I29/F29 -> 1 | F29: 50579.7 | G29: 21441 | H29: 21654.3 | I29: 50579.7
... A33: =A32+1 -> 29 | B33: I 107653 | C33: 46226 | D33: KNITTED FABRIC | E33: =I33/F33 -> 1 | F33: 39790.3 | G33: 19321.4 | H33: 19573.2 | I33: 39790.3
A34: TOTAL​2026: | F34: =SUBTOTAL(9,F5:F33) -> 633625.1 | G34: =SUBTOTAL(9,G5:G33) -> 256303.8 | H34: =SUBTOTAL(9,H5:H33) -> 337332.6 | I34: =SUBTOTAL(9,I5:I33) -> 700611.99
F36: ថ្ងៃទី ៣១ ខែ កក្កដា ឆ្នាំ ២០២៦
F37: ប្រធានក្រុមហ៊ុន
G44: KONG YEKSEAM

Sheet JR-EXP-6-7
A1: តារាងរបាយការណ៏នាំចេញតាមប្រតិវេទន៏គយ
A2: ក្រុមហ៊ុន JR APPAREL CO., LTD មាន អ.ត.ប លេខ L001-902501613 សំរាប់ ខែ​ កក្កដា ឆ្នាំ 2026
A3: ល.រ | B3: លេខប្រតិវេតន៍គយ | C3: កាលបរិច្ឆេទ | D3: មុខទំនិញ | E3: ឯកតា | F3: បរិមាណ PCS | G3: ទម្ងន់សុទ្ធ | H3: ទម្ងន់សរុប | I3: តម្លៃគិតពន្ធគយ
A4: No. | B4: Custosms Declaration No. | C4: Custosms Declaration Date | D4: Descripion of Goods | E4: Unit | F4: Quantity | G4: Net Weight (Kgs.) | H4: Gross Weight (Kgs.) | I4: Customs Value (USD)
A5: 1 | B5: E 150950 | C5: 46204 | D5: LADIES KNITTED PANT | E5: =I5/F5 -> 2.05 | F5: 8000 | G5: 3375 | H5: 3625 | I5: 16400
A6: 2 | B6: E 150950 | C6: 46204 | D6: LADIES KNITTED PANT | E6: =I6/F6 -> 1.9 | F6: 15680 | G6: 5880 | H6: 6372 | I6: 29792
A7: 3 | B7: E 150950 | C7: 46204 | D7: LADIES KNITTED PANT | E7: =I7/F7 -> 2.05 | F7: 4624 | G7: 2504.7 | H7: 2659.1 | I7: 9479.2
A8: 4 | B8: E 150950 | C8: 46204 | D8: LADIES KNITTED PANT | E8: =I8/F8 -> 2.05 | F8: 1024 | G8: 529.1 | H8: 563.5 | I8: 2099.2
A9: 5 | B9: E 151185 | C9: 46204 | D9: LADIES KNITTED PANT | E9: =I9/F9 -> 2.05 | F9: 2844 | G9: 1106 | H9: 1264 | I9: 5830.2
A10: 6 | B10: E 151185 | C10: 46204 | D10: LADIES KNITTED PANT | E10: =I10/F10 -> 2.6 | F10: 2850 | G10: 1330 | H10: 1425 | I10: 7410
A11: 7 | B11: E 151185 | C11: 46204 | D11: LADIES KNITTED PANT | E11: =I11/F11 -> 2.15 | F11: 1314 | G11: 657 | H11: 730 | I11: 2825.1
A12: 8 | B12: E 151185 | C12: 46204 | D12: LADIES KNITTED PANT | E12: =I12/F12 -> 2.15 | F12: 102 | G12: 51 | H12: 57 | I12: 219.3
A13: 9 | B13: E 151185 | C13: 46204 | D13: LADIES KNITTED PANT | E13: =I13/F13 -> 2.05 | F13: 2000 | G13: 937 | H13: 1000 | I13: 4100
A14: 10 | B14: E 151185 | C14: 46204 | D14: LADIES KNITTED PANT | E14: =I14/F14 -> 2.05 | F14: 2000 | G14: 813 | H14: 876 | I14: 4100
A15: 11 | B15: E 151185 | C15: 46204 | D15: LADIES KNITTED 2PC PAJAMAS | E15: =I15/F15 -> 1.15 | F15: 2964 | G15: 864.5 | H15: 1012.27 | I15: 3408.6
A16: 12 | B16: E 155508 | C16: 46204 | D16: LADIES KNITTED PANT | E16: =I16/F16 -> 1.9 | F16: 5270 | G16: 2980.2 | H16: 3058.5 | I16: 10013
... A62: 58 | B62: E 225809 | C62: 46234 | D62: LADIES KNITTED PANT | E62: =I62/F62 -> 2.05 | F62: 3448 | G62: 2155 | H62: 2586 | I62: 7068.4
A64: TOTAL 2026 : | F64: =SUM(F5:F63) -> 173920 | G64: =SUM(G5:G63) -> 82665.4 | H64: =SUM(H5:H63) -> 89543.67 | I64: =SUM(I5:I63) -> 357989.15 | J64: =G64*0.13 -> 10746.502
F66: ថ្ងៃទី ៣១ ខែ កក្កដា ឆ្នាំ ២០២៦
F67: ប្រធានក្រុមហ៊ុន
G75: KONG YEKSEAM

Sheet Sheet1
G9: Export Report | J9: Customs Declare
H10: Net Weight | K10: Net Weight
G12: E 150950 | H12: =SUMIF('JR-EXP-6-7'!$B$5:$B$58, G12, 'JR-EXP-6-7'!$G$5:$G$58) -> 12288.8 | J12: E 150950 | K12: 12288.8
G13: E 151185 | H13: =SUMIF('JR-EXP-6-7'!$B$5:$B$58, G13, 'JR-EXP-6-7'!$G$5:$G$58) -> 5758.5 | J13: E 151185 | K13: =4894+864.5 -> 5758.5
G14: E 155508 | H14: =SUMIF('JR-EXP-6-7'!$B$5:$B$58, G14, 'JR-EXP-6-7'!$G$5:$G$58) -> 11293.5 | J14: E 155508 | K14: 11293.5
G15: E 157509 | H15: =SUMIF('JR-EXP-6-7'!$B$5:$B$58, G15, 'JR-EXP-6-7'!$G$5:$G$58) -> 4634.5 | J15: E 157509 | K15: 4634.5
G16: E 22600 | H16: =SUMIF('JR-EXP-6-7'!$B$5:$B$58, G16, 'JR-EXP-6-7'!$G$5:$G$58) -> 48 | J16: E 22600 | K16: 48
G17: E 158607 | H17: =SUMIF('JR-EXP-6-7'!$B$5:$B$58, G17, 'JR-EXP-6-7'!$G$5:$G$58) -> 11103 | J17: E 158607 | K17: 11103
G18: E 165484 | H18: =SUMIF('JR-EXP-6-7'!$B$5:$B$58, G18, 'JR-EXP-6-7'!$G$5:$G$58) -> 8290 | J18: E 165484 | K18: =7564.5+725.5 -> 8290
G19: E 166063 | H19: =SUMIF('JR-EXP-6-7'!$B$5:$B$58, G19, 'JR-EXP-6-7'!$G$5:$G$58) -> 2061.9 | J19: E 166063 | K19: 2061.9
G20: E 167278 | H20: =SUMIF('JR-EXP-6-7'!$B$5:$B$58, G20, 'JR-EXP-6-7'!$G$5:$G$58) -> 2501.7 | J20: E 167278 | K20: 2501.7
G21: E 168899 | H21: =SUMIF('JR-EXP-6-7'!$B$5:$B$58, G21, 'JR-EXP-6-7'!$G$5:$G$58) -> 935 | J21: E 168899 | K21: 935
G22: E 168958 | H22: =SUMIF('JR-EXP-6-7'!$B$5:$B$58, G22, 'JR-EXP-6-7'!$G$5:$G$58) -> 1403 | J22: E 168958 | K22: 1403
G23: E 173249 | H23: =SUMIF('JR-EXP-6-7'!$B$5:$B$58, G23, 'JR-EXP-6-7'!$G$5:$G$58) -> 1172.6 | J23: E 173249 | K23: 1172.6
G24: E 175464 | H24: =SUMIF('JR-EXP-6-7'!$B$5:$B$58, G24, 'JR-EXP-6-7'!$G$5:$G$58) -> 6397.8 | J24: E 175464 | K24: 6397.8
G25: E 186000 | H25: =SUMIF('JR-EXP-6-7'!$B$5:$B$58, G25, 'JR-EXP-6-7'!$G$5:$G$58) -> 1997.3 | J25: E 186000 | K25: 1997.3
G26: E 195384 | H26: =SUMIF('JR-EXP-6-7'!$B$5:$B$58, G26, 'JR-EXP-6-7'!$G$5:$G$58) -> 2038.4 | J26: E 195384 | K26: 2038.4
G27: E 202564 | H27: 4174 | J27: E 202564 | K27: 4174
G28: E 208779 | H28: =SUMIF('JR-EXP-6-7'!$B$5:$B$58, G28, 'JR-EXP-6-7'!$G$5:$G$58) -> 872.7 | J28: E 208779 | K28: 872.7
G29: E 214571 | H29: =SUMIF('JR-EXP-6-7'!$B$5:$B$58, G29, 'JR-EXP-6-7'!$G$5:$G$58) -> 625.7 | J29: E 214571 | K29: 625.7
G30: E 225809 | H30: =SUMIF('JR-EXP-6-7'!$B$5:$B$62, G30, 'JR-EXP-6-7'!$G$5:$G$62) -> 5069 | J30: E 225809 | K30: =2914+2155 -> 5069
H31: =SUM(H12:H30) -> 82665.4 | K31: =SUM(K12:K30) -> 82665.4
