Workbook

Sheet JR-IMP-1-3
A1: តារាងរបាយការណ៏នាំចូលវត្ថុធាតុដើមតាមប្រតិវេទន៏គយ
A2: ក្រុមហ៊ុន JR APPAREL CO., LTD មាន អ.ត.ប លេខ L001-902501613 សំរាប់ ខែ មករា ឆ្នាំ 2026 រហូតដល់ ខែ មិនា ឆ្នាំ 2026
A3: ល.រ | B3: លេខប្រតិវេតន៍គយ | C3: កាលបរិច្ឆេទ | D3: មុខទំនិញ | E3: ឯកតា | F3: បរិមាណ | G3: ទម្ងន់សុទ្ធ | H3: ទម្ងន់សរុប | I3: តម្លៃគិតពន្ធគយ
A4: No. | B4: Custosms Declaration No. | C4: Custosms Declaration Date | D4: Descripion of Goods | E4: Unit | F4: Quantity | G4: Net Weight (Kgs.) | H4: Gross Weight (Kgs.) | I4: Customs Value (USD)
A5: 1 | B5: I 14254 | C5: 46050 | D5: KNITTED FABRIC | E5: =I5/F5 -> 1 | F5: 17262 | G5: 6298.9 | H5: 6379 | I5: 17262
A6: 2 | B6: I 14254 | C6: 46050 | D6: WOVEN FABRIC | E6: =I6/F6 -> 1.8 | F6: 50625.4 | G6: 12927.4 | H6: 13172.5 | I6: 91125.72
A7: 3 | B7: I 14254 | C7: 46050 | D7: HANGER | E7: =I7/F7 -> 1 | F7: 380 | G7: 375.4 | H7: 402.6 | I7: 380
A8: 4 | B8: I 15940 | C8: 46052 | D8: WOVEN FABRIC | E8: =I8/F8 -> 1.8 | F8: 28887.4 | G8: 7934.8 | H8: 8022.1 | I8: 51997.32
A9: 5 | B9: I 21065 | C9: 46062 | D9: KNITTED FABRIC | E9: =I9/F9 -> 1 | F9: 41469.8 | G9: 19220.9 | H9: 19367.3 | I9: 41469.8
A10: 6 | B10: I 21065 | C10: 46062 | D10: WOVEN TAPE | E10: =I10/F10 -> 0.02 | F10: 2977 | G10: 94.3 | H10: 99.8 | I10: 59.54
A11: 7 | B11: I 27779 | C11: 46076 | D11: KNITTED FABRIC | E11: =I11/F11 -> 1 | F11: 39717.9 | G11: 23936 | H11: 24105 | I11: 39717.9
A12: 8 | B12: I 32429 | C12: 46083 | D12: KNITTED FABRIC | E12: =I12/F12 -> 1 | F12: 29217.8 | G12: 8594.9 | H12: 86999.9 | I12: 29217.8
A13: 9 | B13: I 32429 | C13: 46083 | D13: WOVEN FABRIC | E13: =I13/F13 -> 1.8 | F13: 282.5 | G13: 97.9 | H13: 99.1 | I13: 508.5
A14: 10 | B14: I 32429 | C14: 46083 | D14: WOVEN TAPE | E14: =I14/F14 -> 0.02 | F14: 4013 | G14: 110.4 | H14: 114.4 | I14: 80.26
A15: 11 | B15: I 32429 | C15: 46083 | D15: HANGER | E15: =I15/F15 -> 1 | F15: 234 | G15: 161.1 | H15: 173.4 | I15: 234
A16: 12 | B16: I 32408 | C16: 46083 | D16: WOVEN FABRIC | E16: =I16/F16 -> 1.8 | F16: 13511.9 | G16: 2147.8 | H16: 2198.7 | I16: 24321.42
... A18: 14 | B18: I 43602 | C18: 46111 | D18: KNITTED FABRIC | E18: =I18/F18 -> 1 | F18: 51525.8 | G18: 19277.7 | H18: 19489.8 | I18: 51525.8
A20: TOTAL​2026: | F20: =SUBTOTAL(9,F5:F19) -> 337415.4 | G20: =SUBTOTAL(9,G5:G19) -> 119367.2 | H20: =SUBTOTAL(9,H5:H19) -> 199030.2 | I20: =SUBTOTAL(9,I5:I19) -> 405210.96
F22: ថ្ងៃទី ៣០ ខែ មេសា ឆ្នាំ ២០២៦
F23: ប្រធានក្រុមហ៊ុន
G30: NI,CUNLAN

Sheet JR-EXP-2-3
A1: តារាងរបាយការណ៏នាំចេញតាមប្រតិវេទន៏គយ
A2: ក្រុមហ៊ុន JR APPAREL CO., LTD មាន អ.ត.ប លេខ L001-902501613 សំរាប់ ខែ មេសា ឆ្នាំ 2026
A3: ល.រ | B3: លេខប្រតិវេតន៍គយ | C3: កាលបរិច្ឆេទ | D3: មុខទំនិញ | F3: ឯកតា | G3: បរិមាណ PCS | H3: ទម្ងន់សុទ្ធ | I3: ទម្ងន់សរុប | J3: តម្លៃគិតពន្ធគយ
A4: No. | B4: Custosms Declaration No. | C4: Custosms Declaration Date | D4: Descripion of Goods | F4: Unit | G4: Quantity | H4: Net Weight (Kgs.) | I4: Gross Weight (Kgs.) | J4: Customs Value (USD)
A5: 1 | B5: E 52039 | C5: 46132 | D5: LADIES WOVEN PANT | F5: =J5/G5 -> 1.88 | G5: 800 | H5: 275 | I5: 300 | J5: 1504
A6: 2 | B6: E 52039 | C6: 46132 | D6: LADIES WOVEN PANT | F6: =J6/G6 -> 2.096 | G6: 600 | H6: 131 | I6: 150 | J6: 1257.6
A7: 3 | B7: E 52039 | C7: 46132 | D7: LADIES WOVEN PANT | F7: =J7/G7 -> 2.096 | G7: 600 | H7: 131 | I7: 150 | J7: 1257.6
A8: 4 | B8: E 52039 | C8: 46132 | D8: LADIES WOVEN TANK | F8: =J8/G8 -> 0.796 | G8: 600 | H8: 131 | I8: 150 | J8: 477.6
A9: 5 | B9: E 52039 | C9: 46132 | D9: LADIES WOVEN TANK | F9: =J9/G9 -> 0.796 | G9: 600 | H9: 131 | I9: 150 | J9: 477.6
A10: 6 | B10: E 52971 | C10: 46132 | D10: LADIES WOVEN PANT | F10: =J10/G10 -> 1.4 | G10: 1824 | H10: 627.5 | I10: 684.5 | J10: 2553.6
A11: 7 | B11: E 52971 | C11: 46132 | D11: LADIES WOVEN TANK | F11: =J11/G11 -> 0.6 | G11: 1074 | H11: 235 | I11: 268.5 | J11: 644.4
A12: 8 | B12: E 52971 | C12: 46132 | D12: LADIES WOVEN TANK | F12: =J12/G12 -> 0.6 | G12: 1122 | H12: 245 | I12: 280.5 | J12: 673.2
A13: 9 | B13: E 52971 | C13: 46132 | D13: LADIES WOVEN PANT | F13: =J13/G13 -> 1.2 | G13: 1074 | H13: 235 | I13: 268.5 | J13: 1288.8
A14: 10 | B14: E 52971 | C14: 46132 | D14: LADIES WOVEN PANT | F14: =J14/G14 -> 1.2 | G14: 1122 | H14: 245.5 | I14: 280.5 | J14: 1346.4
A15: 11 | B15: E 56303 | C15: 46139 | D15: LADIES WOVEN PANT | F15: =J15/G15 -> 2.58 | G15: 600 | H15: 159 | I15: 178 | J15: 1548
A16: 12 | B16: E 56303 | C16: 46139 | D16: LADIES WOVEN PANT | F16: =J16/G16 -> 2.11 | G16: 1200 | H16: 450 | I16: 488 | J16: 2532
... A53: 49 | B53: E 76799 | C53: 46132 | D53: LADIES 2PC PAJAMAS KNITTED | F53: =J53/G53 -> 1.085 | G53: 3696 | H53: 1078 | I53: 1309 | J53: 4010.16
A54: TOTAL 2026 : | G54: =SUBTOTAL(9,G5:G53) -> 115277 | H54: =SUBTOTAL(9,H5:H53) -> 36481.9 | I54: =SUBTOTAL(9,I5:I53) -> 40574.2 | J54: =SUBTOTAL(9,J5:J53) -> 227103.47 | K54: =H54*0.13 -> 4742.647
G56: ថ្ងៃទី ៣០ ខែ មេសា ឆ្នាំ ២០២៦
G57: ប្រធានក្រុមហ៊ុន
H65: NI,CUNLAN

Sheet Sheet1
E2: E 52039 | F2: =SUMIFS('JR-EXP-2-3'!$H$5:$H$53,'JR-EXP-2-3'!$B$5:$B$53,Sheet1!E2) -> 799 | J2: E 52039 | K2: =SUMIFS([1]EXPORT!O$2:O$60,[1]EXPORT!$X$2:$X$60,J2) -> #VALUE! | L2: =K2-F2 -> #VALUE!
E3: E 52971 | F3: =SUMIFS('JR-EXP-2-3'!$H$5:$H$53,'JR-EXP-2-3'!$B$5:$B$53,Sheet1!E3) -> 1588 | J3: E 52971 | K3: =SUMIFS([1]EXPORT!O$2:O$60,[1]EXPORT!$X$2:$X$60,J3) -> #VALUE! | L3: =K3-F3 -> #VALUE!
E4: E 56303 | F4: =SUMIFS('JR-EXP-2-3'!$H$5:$H$53,'JR-EXP-2-3'!$B$5:$B$53,Sheet1!E4) -> 834 | J4: E 56303 | K4: =SUMIFS([1]EXPORT!O$2:O$60,[1]EXPORT!$X$2:$X$60,J4) -> #VALUE! | L4: =K4-F4 -> #VALUE!
E5: E 58393 | F5: =SUMIFS('JR-EXP-2-3'!$H$5:$H$53,'JR-EXP-2-3'!$B$5:$B$53,Sheet1!E5) -> 5907.5 | J5: E 58393 | K5: =SUMIFS([1]EXPORT!O$2:O$60,[1]EXPORT!$X$2:$X$60,J5) -> #VALUE! | L5: =K5-F5 -> #VALUE!
E6: E 64094 | F6: =SUMIFS('JR-EXP-2-3'!$H$5:$H$53,'JR-EXP-2-3'!$B$5:$B$53,Sheet1!E6) -> 7576.2 | J6: E 64094 | K6: =SUMIFS([1]EXPORT!O$2:O$60,[1]EXPORT!$X$2:$X$60,J6) -> #VALUE! | L6: =K6-F6 -> #VALUE!
E7: E 65834 | F7: =SUMIFS('JR-EXP-2-3'!$H$5:$H$53,'JR-EXP-2-3'!$B$5:$B$53,Sheet1!E7) -> 5834.8 | J7: E 65834 | K7: =SUMIFS([1]EXPORT!O$2:O$60,[1]EXPORT!$X$2:$X$60,J7) -> #VALUE! | L7: =K7-F7 -> #VALUE!
E8: E 69968 | F8: =SUMIFS('JR-EXP-2-3'!$H$5:$H$53,'JR-EXP-2-3'!$B$5:$B$53,Sheet1!E8) -> 853.4 | J8: E 69968 | K8: =SUMIFS([1]EXPORT!O$2:O$60,[1]EXPORT!$X$2:$X$60,J8) -> #VALUE! | L8: =K8-F8 -> #VALUE!
E9: E 72299 | F9: =SUMIFS('JR-EXP-2-3'!$H$5:$H$53,'JR-EXP-2-3'!$B$5:$B$53,Sheet1!E9) -> 3652.3 | J9: E 72299 | K9: =SUMIFS([1]EXPORT!O$2:O$60,[1]EXPORT!$X$2:$X$60,J9) -> #VALUE! | L9: =K9-F9 -> #VALUE!
E10: E 76799 | F10: =SUMIFS('JR-EXP-2-3'!$H$5:$H$53,'JR-EXP-2-3'!$B$5:$B$53,Sheet1!E11) -> 4388.5 | J10: E 76799 | K10: =SUMIFS([1]EXPORT!O$2:O$60,[1]EXPORT!$X$2:$X$60,J10) -> #VALUE! | L10: =K10-F10 -> #VALUE!
E11: E 79749 | F11: =SUMIFS('JR-EXP-2-3'!$H$5:$H$53,'JR-EXP-2-3'!$B$5:$B$53,Sheet1!E10) -> 5048.2 | J11: E 79749 | K11: =SUMIFS([1]EXPORT!O$2:O$60,[1]EXPORT!$X$2:$X$60,J11) -> #VALUE! | L11: =K11-F11 -> #VALUE!
